Workbook
Name Put_W: Monat!$Z$11
Name FZC_1: Monat!$AC$18
Name Gleit_Tag: Monat!$AC$10
Name Brue_H: Monat!$Z$4
Name Urlaub_1: Monat!$AC$11
Name Sekre_1: Monat!$AC$14
Name Unt_II: Monat!$AC$8
Name Muster: Monat!$Z$8
Name NST_1: Monat!$AC$19
Name Koor_taet: Monat!$AC$13
Name Rath_M: Monat!$Z$5
Name Krem_E: Monat!$Z$10
Name Nacht_1: Monat!$AC$5
Name Velt_M: Monat!$Z$3
Name Wuert_A: Monat!$Z$8
Name Frueh_1: Monat!$AC$3
Name Normal_1: Monat!$AC$6
Name Spaet_1: Monat!$AC$4
Name Sonderd_1: Monat!$AC$9
Name Fort_b: Monat!$AC$15
Name Fortenb: Monat!$Z$13
Name Radi_L: Monat!$Z$12
Name Scho_K: Monat!$Z$6
Name EH_Kurs: Monat!$AC$12
Name Velten_M: Monat!$Z$3
Name Velten: Monat!$Z$3
Name Krie_B: Monat!$Z$7
Name Unt_I: Monat!$AC$7

Sheet Dienstplan
B2: Jahr | C2: 2026
M3: Jan | Q3: =C2 -> 2026 | AR3: Feb | AV3: =C2 -> 2026 | BT3: Mrz | BX3: =C2 -> 2026 | CY3: Apr | DC3: =C2 -> 2026 | EE3: Mai | EI3: =C2 -> 2026 | FH3: Jun | FL3: =C2 -> 2026
C4: Weihnachtsferien | AU4: Faschingsferien | CK4: Osterferien | EO4: Pfingstferien
C5: KW 1 | G5: KW 2 | N5: KW 3 | U5: KW 4 | AB5: KW 5 | AI5: KW 6 | AP5: KW 7 | AW5: KW 8 | BD5: KW 9 | BK5: KW 10 | BR5: KW 11 | BY5: KW 12 | CF5: KW 13 | CM5: KW 14 | CT5: KW 15 | DA5: KW 16 | DH5: KW 17 | DO5: KW 18 | DV5: KW 19 | EC5: KW 20 | EJ5: KW 21 | EQ5: KW 22 | EX5: KW 23 | FE5: KW 24 | FL5: KW 25 | FS5: KW 26 | FZ5: KW 27
C6: 1 | D6: 2 | E6: 3 | F6: 4 | G6: 5 | H6: 6 | I6: 7 | J6: 8 | K6: 9 | L6: 10 | M6: 11 | N6: 12 | O6: 13 | P6: 14 | Q6: 15 | R6: 16 | S6: 17 | T6: 18 | U6: 19 | V6: 20 | W6: 21 | X6: 22 | Y6: 23 | Z6: 24 | AA6: 25 | AB6: 26 | AC6: 27 | AD6: 28 | AE6: 29 | AF6: 30 | AG6: 31 | AH6: 1 | AI6: 2 | AJ6: 3 | AK6: 4 | AL6: 5 | AM6: 6 | AN6: 7 | AO6: 8 | AP6: 9 | AQ6: 10 | AR6: 11 | AS6: 12 | AT6: 13 | AU6: 14 | AV6: 15 | AW6: 16 | AX6: 17 | AY6: 18 | AZ6: 19 | BA6: 20 | BB6: 21 | BC6: 22 | BD6: 23 | BE6: 24 | BF6: 25 | BG6: 26 | BH6: 27 | BI6: 28 | BJ6: 1 | BK6: 2 | BL6: 3 | BM6: 4 | BN6: 5 | BO6: 6 | BP6: 7 | BQ6: 8 | BR6: 9 | BS6: 10 | BT6: 11 | BU6: 12 | BV6: 13 | BW6: 14 | BX6: 15 | BY6: 16 | BZ6: 17 | CA6: 18 | CB6: 19 | CC6: 20 | CD6: 21 | CE6: 22 | CF6: 23 | CG6: 24 | CH6: 25 | CI6: 26 | CJ6: 27 | CK6: 28 | CL6: 29 | CM6: 30 | CN6: 31 | CO6: 1 | CP6: 2 | CQ6: 3 | CR6: 4 | CS6: 5 | CT6: 6 | CU6: 7 | CV6: 8 | CW6: 9 | CX6: 10 | CY6: 11 | CZ6: 12 | DA6: 13 | DB6: 14 | DC6: 15 | DD6: 16 | DE6: 17 | DF6: 18 | DG6: 19 | DH6: 20 | DI6: 21 | DJ6: 22 | DK6: 23 | DL6: 24 | DM6: 25 | DN6: 26 | DO6: 27 | DP6: 28 | DQ6: 29 | DR6: 30 | DS6: 1 | DT6: 2 | DU6: 3 | DV6: 4 | DW6: 5 | DX6: 6 | DY6: 7 | DZ6: 8 | EA6: 9 | EB6: 10 | EC6: 11 | ED6: 12 | EE6: 13 | EF6: 14 | EG6: 15 | EH6: 16 | EI6: 17 | EJ6: 18 | EK6: 19 | EL6: 20 | EM6: 21 | EN6: 22 | EO6: 23 | EP6: 24 | EQ6: 25 | ER6: 26 | ES6: 27 | ET6: 28 | EU6: 29 | EV6: 30 | EW6: 31 | EX6: 1 | EY6: 2 | EZ6: 3 | FA6: 4 | FB6: 5 | FC6: 6 | FD6: 7 | FE6: 8 | FF6: 9 | FG6: 10 | FH6: 11 | FI6: 12 | FJ6: 13 | FK6: 14 | FL6: 15 | FM6: 16 | FN6: 17 | FO6: 18 | FP6: 19 | FQ6: 20 | FR6: 21 | FS6: 22 | FT6: 23 | FU6: 24 | FV6: 25 | FW6: 26 | FX6: 27 | FY6: 28 | FZ6: 29 | GA6: 30
C7: Do | D7: Fr | E7: Sa | F7: So | G7: Mo | H7: Di | I7: Mi | J7: Do | K7: Fr | L7: Sa | M7: So | N7: Mo | O7: Di | P7: Mi | Q7: Do | R7: Fr | S7: Sa | T7: So | U7: Mo | V7: Di | W7: Mi | X7: Do | Y7: Fr | Z7: Sa | AA7: So | AB7: Mo | AC7: Di | AD7: Mi | AE7: Do | AF7: Fr | AG7: Sa | AH7: So | AI7: Mo | AJ7: Di | AK7: Mi | AL7: Do | AM7: Fr | AN7: Sa | AO7: So | AP7: Mo | AQ7: Di | AR7: Mi | AS7: Do | AT7: Fr | AU7: Sa | AV7: So | AW7: Mo | AX7: Di | AY7: Mi | AZ7: Do | BA7: Fr | BB7: Sa | BC7: So | BD7: Mo | BE7: Di | BF7: Mi | BG7: Do | BH7: Fr | BI7: Sa | BJ7: So | BK7: Mo | BL7: Di | BM7: Mi | BN7: Do | BO7: Fr | BP7: Sa | BQ7: So | BR7: Mo | BS7: Di | BT7: Mi | BU7: Do | BV7: Fr | BW7: Sa | BX7: So | BY7: Mo | BZ7: Di | CA7: Mi | CB7: Do | CC7: Fr | CD7: Sa | CE7: So | CF7: Mo | CG7: Di | CH7: Mi | CI7: Do | CJ7: Fr | CK7: Sa | CL7: So | CM7: Mo | CN7: Di | CO7: Mi | CP7: Do | CQ7: Fr | CR7: Sa | CS7: So | CT7: Mo | CU7: Di | CV7: Mi | CW7: Do | CX7: Fr | CY7: Sa | CZ7: So | DA7: Mo | DB7: Di | DC7: Mi | DD7: Do | DE7: Fr | DF7: Sa | DG7: So | DH7: Mo | DI7: Di | DJ7: Mi | DK7: Do | DL7: Fr | DM7: Sa | DN7: So | DO7: Mo | DP7: Di | DQ7: Mi | DR7: Do | DS7: Fr | DT7: Sa | DU7: So | DV7: Mo | DW7: Di | DX7: Mi | DY7: Do | DZ7: Fr | EA7: Sa | EB7: So | EC7: Mo | ED7: Di | EE7: Mi | EF7: Do | EG7: Fr | EH7: Sa | EI7: So | EJ7: Mo | EK7: Di | EL7: Mi | EM7: Do | EN7: Fr | EO7: Sa | EP7: So | EQ7: Mo | ER7: Di | ES7: Mi | ET7: Do | EU7: Fr | EV7: Sa | EW7: So | EX7: Mo | EY7: Di | EZ7: Mi | FA7: Do | FB7: Fr | FC7: Sa | FD7: So | FE7: Mo | FF7: Di | FG7: Mi | FH7: Do | FI7: Fr | FJ7: Sa | FK7: So | FL7: Mo | FM7: Di | FN7: Mi | FO7: Do | FP7: Fr | FQ7: Sa | FR7: So | FS7: Mo | FT7: Di | FU7: Mi | FV7: Do | FW7: Fr | FX7: Sa | FY7: So | FZ7: Mo | GA7: Di
B8: Breig | D8: U alt | G8: U alt | I8: NI | J8: NI | K8: GT | N8: SI | O8: SI | P8: SI | Q8: SI | R8: SI | U8: FII | V8: FII | W8: FII | X8: FII | Y8: FII | AB8: KU | AC8: FII | AD8: DI | AE8: KU | AF8: DI | AH8: NI | AI8: NI | AJ8: NI | AK8: NI | AL8: NI | AM8: NST | AP8: SI | AQ8: SI | AR8: SI | AS8: SI | AT8: SI | AW8: FII | AX8: FII | AY8: EH | AZ8: DI | BA8: FI | BD8: FI | BE8: FI | BF8: FI | BG8: FI | BH8: FI | BK8: Fobi | BL8: Fobi | BM8: Fobi | BN8: DI | BO8: DI | BQ8: NI | BR8: NI | BS8: NI | BT8: NI | BU8: NI | BV8: NST | CA8: EH | CB8: Fobi | CC8: Fobi | CF8: FI | CG8: FI | CH8: FI | CI8: FI | CJ8: FI | CU8: NI | CV8: NI | CW8: NI | CX8: NST | DA8: SI | DB8: SI | DC8: SI | DD8: SI | DE8: SI | DH8: FI | DI8: FI | DJ8: FI | DK8: FI | DL8: FI | EI8: NI | EJ8: NI | EK8: NI | EL8: NI | EM8: NI | EN8: NST | ER8: U | ES8: U | ET8: U | EU8: U | EX8: U | EY8: U | EZ8: U | FB8: U | FY8: NI | FZ8: NI | GA8: NI
B9: Siebert | D9: U alt | G9: NST | I9: FII | J9: FII | K9: FII | L9: FI | M9: NI | N9: NI | O9: NI | P9: NI | Q9: NI | R9: NST | U9: SI | V9: SI | W9: SI | X9: SI | Y9: SI | AB9: FI | AC9: FI | AD9: FI | AE9: FI | AF9: FI | AI9: KU | AJ9: FII | AK9: FII | AL9: KU | AM9: FI | AO9: NI | AP9: NI | AQ9: NI | AR9: NI | AS9: NI | AT9: NST | AW9: SI | AX9: SI | AY9: SI | AZ9: SI | BA9: SI | BC9: NI | BD9: NI | BE9: NI | BF9: NI | BG9: NI | BH9: NI | BK9: SI | BL9: SI | BM9: SI | BN9: SI | BO9: SI | CB9: Fobi | CC9: Fobi | CH9: EH | CI9: U | CJ9: U | CM9: U | CN9: U | CO9: U | CP9: U | CU9: U | CV9: U | CW9: U | CX9: U | CZ9: NI | DA9: NI | DB9: NI | DC9: NI | DD9: NI | DE9: NST | DK9: U | DL9: U | EJ9: SI | EK9: SI | EL9: SI | EM9: SI | EN9: SI | EW9: NI | EX9: NI | EY9: NI | EZ9: NI | FB9: NST | FE9: SI | FF9: SI | FG9: SI | FH9: SI | FI9: SI | FZ9: U | GA9: U
B10: Jochim | BD10: (DI) 2h | BF10: (DI) 2h | BH10: (DI) 2h | BK10: (DII) xh | BL10: (DII) xh | BM10: (DII) xh | BN10: (DII) xh | BO10: (DII) xh | BR10: (FI) xh | BS10: (FI) xh | BT10: (FI) xh | BU10: (FI) xh | BV10: (FI) xh | BY10: (DI) xh | BZ10: (DI) xh | CA10: (DI) xh | CB10: (DI) xh | CC10: (DI) xh | CH10: SD
B11: Wunsch | D11: SD | G11: SD | I11: DI | J11: DI | K11: DI | N11: FI | O11: FI | P11: FI | Q11: FI | R11: FI | T11: NI | U11: NI | V11: NI | W11: NI | X11: NI | Y11: NST | AB11: SI | AC11: SI | AD11: SI | AE11: SI | AF11: SI | AI11: FI | AJ11: FI | AK11: EH | AL11: SD | AM11: SD | AP11: KU | AQ11: RTW- Des. | AR11: EH | AS11: KU | AT11: DI | AV11: NI | AW11: NI | AX11: NI | AY11: NI | AZ11: NI | BA11: NST | BD11: FII | BE11: FII | BF11: SD | BG11: Fobi | BH11: Fobi | BK11: KU | BM11: EH | BN11: KU | BO11: NST | BP11: FI | BX11: NI | BY11: NI | BZ11: NI | CA11: NI | CB11: NI | CC11: NST | CF11: U | CG11: U | CH11: SI | CI11: SI | CJ11: SI | DA11: Fobi | DB11: Fobi | DC11: Fobi | DJ11: EH | DL11: GT | DN11: NI | DO11: NI | DP11: NI | DQ11: NI | DR11: NI | DV11: U | DW11: U | DX11: U | DY11: U | DZ11: U | EG11: U | ER11: NI | ES11: NI | ET11: NI | EU11: NST | EX11: SI | EY11: SI | EZ11: SI | FB11: SI | FL11: U | FM11: U | FN11: U | FO11: U | FP11: U | FZ11: U
B12: Göpfrich | D12: U alt | G12: U alt | I12: SI | J12: SI | K12: SI | N12: KU | O12: DI | P12: DI | Q12: KU | R12: DI | U12: U | V12: U | W12: U | X12: U | Y12: U | AA12: NI | AB12: NI | AC12: NI | AD12: NI | AE12: NI | AF12: NI | AI12: SI | AJ12: SI | AK12: SI | AL12: SI | AM12: SI | AP12: GT | AQ12: NST | AR12: DI | AS12: DI | AT12: SD | AU12: FI | AW12: FI | AX12: FI | AY12: FI | AZ12: FI | BA12: GT | BD12: KU | BE12: SD | BF12: KU | BG12: Fobi | BH12: Fobi | BJ12: NI | BK12: NI | BL12: NI | BM12: NI | BN12: NI | BO12: NST | BR12: SI | BS12: SI | BT12: SI | BU12: SI | BV12: SI | CE12: NI | CF12: NI | CG12: NI | CH12: NI | CI12: NI | CJ12: NI | CM12: SI | CN12: SI | CO12: SI | CP12: SI | DC12: EH | DH12: SI | DI12: SI | DJ12: SI | DK12: SI | DL12: SI | DO12: U | DP12: U | DQ12: U | DR12: U | DU12: NI | DV12: NI | DW12: NI | DX12: NI | DY12: NI | DZ12: NST | EC12: SI | ED12: SI | EE12: SI | EG12: SI | FG12: Fobi | FH12: Fobi | FI12: Fobi | FK12: NI | FL12: NI | FM12: NI | FN12: NI | FO12: NI | FP12: NST | FS12: SI | FT12: SI | FU12: SI | FV12: SI | FW12: SI
B13: Zeller | D13: U alt | G13: GT | I13: FI | J13: FI | K13: FI | N13: NST | O13: FII | P13: FII | Q13: FII | R13: FII | S13: FI | U13: FI | V13: FI | W13: FI | X13: FI | Y13: FI | AB13: KU | AC13: DI | AD13: DI | AE13: KU | AF13: DI | AI13: GT | AJ13: NST | AK13: FI | AL13: FI | AM13: FI | AN13: FI | AP13: FI | AQ13: FI | AR13: FI | AS13: FI | AT13: FI | AV13: NI | AW13: NI | AX13: NI | AY13: NI | AZ13: NI | BA13: NST | BD13: SI | BE13: SI | BF13: SI | BG13: SI | BH13: SI | BK13: DI | BL13: DI | BM13: DI | BN13: DI | BO13: DI | BW13: FI | CB13: Fobi | CC13: Fobi | CF13: SI | CG13: SI | CH13: GT | CI13: U | CJ13: U | CL13: NI | CM13: NI | CN13: NI | CO13: NI | CP13: NI | CU13: SI | CV13: SI | CW13: SI | CX13: SI | DH13: U | DI13: U | DJ13: U | DK13: U | DL13: U | DO13: U | DP13: U | DQ13: U | DR13: U | DV13: U | DW13: U | DX13: U | DY13: U | DZ13: U | EB13: NI | EC13: NI | ED13: NI | EE13: NI | EG13: NST | EN13: U | FR13: NI | FS13: NI | FT13: NI | FU13: NI | FV13: NI | FW13: NST | FZ13: SI | GA13: SI
B14: Behrendt | AI14: 1.AT | AJ14: FII | AK14: FII | AL14: FII | AM14: FII | AP14: FII | AQ14: FII | AR14: FII | AS14: FII | AT14: FII | AW14: GT | AX14: FII | AY14: FII | AZ14: FII | BA14: FII | BD14: SII | BE14: SII | BF14: SII | BG14: SII | BH14: SII | BK14: FI | BL14: FI | BM14: FI | BN14: FI | BO14: FI | CB14: Fobi | CC14: Fobi | CE14: NI | CF14: NI | CG14: NI | CH14: NI | CI14: NI | CJ14: NST | CM14: SI | CN14: SI | CO14: SI | CP14: SI | DG14: NI | DH14: NI | DI14: NI | DJ14: NI | DK14: NI | DL14: NST | DO14: SI | DP14: SI | DQ14: SI | DR14: SI | FD14: NI | FE14: NI | FF14: NI | FG14: NI | FH14: NI | FI14: NST | FL14: SI | FM14: SI | FN14: SI | FO14: SI | FP14: SI
B15: Krempl | D15: U alt | G15: U alt | I15: GT | J15: KU | K15: GT | N15: DI | O15: GT | P15: GT | Q15: DI | R15: GT | U15: KU | V15: GT | W15: GT | X15: KU | Y15: GT | AB15: DI | AC15: DI | AD15: GT | AE15: DI | AF15: GT | AI15: FII | AJ15: SD | AK15: EH | AL15: GT | AM15: GT | AP15: DI | AQ15: DI | AR15: GT | AS15: GT | AT15: GT | AW15: KU | AX15: DI | AY15: GT | AZ15: KU | BA15: DI | BD15: GT | BE15: GT | BF15: GT | BG15: Fobi | BH15: Fobi | BK15: DI | BL15: DI | BM15: DI | BN15: GT | BO15: GT | BT15: EH | BY15: GT | BZ15: GT | CA15: NST | CB15: DI | CC15: DI | CI15: GT | CU15: U | CV15: U | CW15: U | CX15: U | DL15: GT | ER15: U | ES15: U | ET15: U | EU15: U | EX15: U | EY15: U | EZ15: U | FB15: U | FG15: Fobi | FH15: Fobi | FI15: Fobi
B16: Putschler | D16: U alt | G16: U alt | I16: KT | J16: KT | K16: KT | N16: KT | O16: KT | P16: KT | Q16: KT | R16: KT | U16: KT | V16: KT | W16: U | X16: KT | Y16: KT | AB16: KT | AC16: KT | AD16: KT | AE16: KT | AF16: KT | AI16: KT | AJ16: KT | AK16: KT | AL16: KT | AM16: KT | AP16: KT | AQ16: KT | AR16: EH | AS16: KT | AT16: KT | AW16: U | AX16: U | AY16: U | AZ16: U | BA16: U | BD16: KT | BE16: KT | BF16: KT | BG16: Fobi | BH16: Fobi | BK16: KT | BL16: KT | BM16: KT | BN16: KT | BO16: KT | DA16: Fobi | DB16: Fobi | DC16: Fobi | DL16: GT | DQ16: U | DR16: U | EC16: U | ED16: U | EE16: U | EG16: U | EJ16: U | EK16: U | EL16: U | EM16: U | EN16: U | FB16: U
B17: Kunz | AI17: DI | AJ17: DI | AK17: DI | AL17: DI | AM17: DI | BD17: DI | BE17: DI | BF17: DI | BG17: DI | BH17: DI | BR17: DI | BS17: DI | BT17: DI | BU17: DI | BV17: DI | CM17: DI | CN17: DI
B18: Schmidt | CF18: U | CG18: U | DV18: U | DW18: U | DX18: U | DY18: U | DZ18: U | EG18: U | FB18: U | FL18: U | FM18: U | FN18: U | FO18: U | FP18: U | FZ18: U
B19: Radimersky | CM19: U | CN19: U | CO19: U | CP19: U | CU19: U | CV19: U | CW19: U | CX19: U | ER19: U | ES19: U | ET19: U | EU19: U | EX19: U | EY19: U | EZ19: U
O20: Jul | S20: =C2 -> 2026 | AR20: Aug | AU20: =C2 -> 2026 | BY20: Sep | CB20: =C2 -> 2026 | DB20: Okt | DE20: =C2 -> 2026 | EH20: Nov | EK20: =C2 -> 2026 | FK20: Dez | FN20: =C2 -> 2026
AF21: Sommerferien | DN21: Herbstferien | FV21: Weihnachtsferien
C22: KW 27 | H22: KW 28 | O22: KW 29 | V22: KW 30 | AC22: KW 31 | AJ22: KW 32 | AQ22: KW 33 | AX22: KW 34 | BE22: KW 35 | BL22: KW 36 | BS22: KW 37 | BZ22: KW 38 | CG22: KW 39 | CN22: KW 40 | CU22: KW 41 | DB22: KW 42 | DI22: KW 43 | DP22: KW 44 | DW22: KW 45 | ED22: KW 46 | EK22: KW 47 | ER22: KW 48 | EY22: KW 49 | FF22: KW 50 | FM22: KW 51 | FT22: KW 52 | GA22: KW 1
C23: 1 | D23: 2 | E23: 3 | F23: 4 | G23: 5 | H23: 6 | I23: 7 | J23: 8 | K23: 9 | L23: 10 | M23: 11 | N23: 12 | O23: 13 | P23: 14 | Q23: 15 | R23: 16 | S23: 17 | T23: 18 | U23: 19 | V23: 20 | W23: 21 | X23: 22 | Y23: 23 | Z23: 24 | AA23: 25 | AB23: 26 | AC23: 27 | AD23: 28 | AE23: 29 | AF23: 30 | AG23: 31 | AH23: 1 | AI23: 2 | AJ23: 3 | AK23: 4 | AL23: 5 | AM23: 6 | AN23: 7 | AO23: 8 | AP23: 9 | AQ23: 10 | AR23: 11 | AS23: 12 | AT23: 13 | AU23: 14 | AV23: 15 | AW23: 16 | AX23: 17 | AY23: 18 | AZ23: 19 | BA23: 20 | BB23: 21 | BC23: 22 | BD23: 23 | BE23: 24 | BF23: 25 | BG23: 26 | BH23: 27 | BI23: 28 | BJ23: 29 | BK23: 30 | BL23: 31 | BM23: 1 | BN23: 2 | BO23: 3 | BP23: 4 | BQ23: 5 | BR23: 6 | BS23: 7 | BT23: 8 | BU23: 9 | BV23: 10 | BW23: 11 | BX23: 12 | BY23: 13 | BZ23: 14 | CA23: 15 | CB23: 16 | CC23: 17 | CD23: 18 | CE23: 19 | CF23: 20 | CG23: 21 | CH23: 22 | CI23: 23 | CJ23: 24 | CK23: 25 | CL23: 26 | CM23: 27 | CN23: 28 | CO23: 29 | CP23: 30 | CQ23: 1 | CR23: 2 | CS23: 3 | CT23: 4 | CU23: 5 | CV23: 6 | CW23: 7 | CX23: 8 | CY23: 9 | CZ23: 10 | DA23: 11 | DB23: 12 | DC23: 13 | DD23: 14 | DE23: 15 | DF23: 16 | DG23: 17 | DH23: 18 | DI23: 19 | DJ23: 20 | DK23: 21 | DL23: 22 | DM23: 23 | DN23: 24 | DO23: 25 | DP23: 26 | DQ23: 27 | DR23: 28 | DS23: 29 | DT23: 30 | DU23: 31 | DV23: 1 | DW23: 2 | DX23: 3 | DY23: 4 | DZ23: 5 | EA23: 6 | EB23: 7 | EC23: 8 | ED23: 9 | EE23: 10 | EF23: 11 | EG23: 12 | EH23: 13 | EI23: 14 | EJ23: 15 | EK23: 16 | EL23: 17 | EM23: 18 | EN23: 19 | EO23: 20 | EP23: 21 | EQ23: 22 | ER23: 23 | ES23: 24 | ET23: 25 | EU23: 26 | EV23: 27 | EW23: 28 | EX23: 29 | EY23: 30 | EZ23: 1 | FA23: 2 | FB23: 3 | FC23: 4 | FD23: 5 | FE23: 6 | FF23: 7 | FG23: 8 | FH23: 9 | FI23: 10 | FJ23: 11 | FK23: 12 | FL23: 13 | FM23: 14 | FN23: 15 | FO23: 16 | FP23: 17 | FQ23: 18 | FR23: 19 | FS23: 20 | FT23: 21 | FU23: 22 | FV23: 23 | FW23: 24 | FX23: 25 | FY23: 26 | FZ23: 27 | GA23: 28 | GB23: 29 | GC23: 30 | GD23: 31
C24: Mi | D24: Do | E24: Fr | F24: Sa | G24: So | H24: Mo | I24: Di | J24: Mi | K24: Do | L24: Fr | M24: Sa | N24: So | O24: Mo | P24: Di | Q24: Mi | R24: Do | S24: Fr | T24: Sa | U24: So | V24: Mo | W24: Di | X24: Mi | Y24: Do | Z24: Fr | AA24: Sa | AB24: So | AC24: Mo | AD24: Di | AE24: Mi | AF24: Do | AG24: Fr | AH24: Sa | AI24: So | AJ24: Mo | AK24: Di | AL24: Mi | AM24: Do | AN24: Fr | AO24: Sa | AP24: So | AQ24: Mo | AR24: Di | AS24: Mi | AT24: Do | AU24: Fr | AV24: Sa | AW24: So | AX24: Mo | AY24: Di | AZ24: Mi | BA24: Do | BB24: Fr | BC24: Sa | BD24: So | BE24: Mo | BF24: Di | BG24: Mi | BH24: Do | BI24: Fr | BJ24: Sa | BK24: So | BL24: Mo | BM24: Di | BN24: Mi | BO24: Do | BP24: Fr | BQ24: Sa | BR24: So | BS24: Mo | BT24: Di | BU24: Mi | BV24: Do | BW24: Fr | BX24: Sa | BY24: So | BZ24: Mo | CA24: Di | CB24: Mi | CC24: Do | CD24: Fr | CE24: Sa | CF24: So | CG24: Mo | CH24: Di | CI24: Mi | CJ24: Do | CK24: Fr | CL24: Sa | CM24: So | CN24: Mo | CO24: Di | CP24: Mi | CQ24: Do | CR24: Fr | CS24: Sa | CT24: So | CU24: Mo | CV24: Di | CW24: Mi | CX24: Do | CY24: Fr | CZ24: Sa | DA24: So | DB24: Mo | DC24: Di | DD24: Mi | DE24: Do | DF24: Fr | DG24: Sa | DH24: So | DI24: Mo | DJ24: Di | DK24: Mi | DL24: Do | DM24: Fr | DN24: Sa | DO24: So | DP24: Mo | DQ24: Di | DR24: Mi | DS24: Do | DT24: Fr | DU24: Sa | DV24: So | DW24: Mo | DX24: Di | DY24: Mi | DZ24: Do | EA24: Fr | EB24: Sa | EC24: So | ED24: Mo | EE24: Di | EF24: Mi | EG24: Do | EH24: Fr | EI24: Sa | EJ24: So | EK24: Mo | EL24: Di | EM24: Mi | EN24: Do | EO24: Fr | EP24: Sa | EQ24: So | ER24: Mo | ES24: Di | ET24: Mi | EU24: Do | EV24: Fr | EW24: Sa | EX24: So | EY24: Mo | EZ24: Di | FA24: Mi | FB24: Do | FC24: Fr | FD24: Sa | FE24: So | FF24: Mo | FG24: Di | FH24: Mi | FI24: Do | FJ24: Fr | FK24: Sa | FL24: So | FM24: Mo | FN24: Di | FO24: Mi | FP24: Do | FQ24: Fr | FR24: Sa | FS24: So | FT24: Mo | FU24: Di | FV24: Mi | FW24: Do | FX24: Fr | FY24: Sa | FZ24: So | GA24: Mo | GB24: Di | GC24: Mi | GD24: Do | GE24: Resturlaub | GG24: Zusatzurlaub wg. 50+ Nachtschicht
B25: Breig | C25: NI | D25: NI | E25: NST | O25: U | P25: U | Q25: U | R25: U | S25: U | AP25: NI | AQ25: NI | AR25: NI | AS25: NI | AT25: NI | AU25: NST | AX25: U | AY25: U | AZ25: U | BA25: U | BB25: U | BE25: U | BF25: U | BG25: U | BH25: U | BI25: U | BL25: U | BM25: U | BN25: U | BO25: U | BP25: U | BS25: U | BT25: U | BU25: U | BV25: U | BW25: U | CM25: NI | CN25: NI | CO25: NI | CP25: NI | CQ25: NI | CR25: NST | EC25: NI | ED25: NI | EE25: NI | EF25: NI | EG25: NI | EH25: NST | FS25: NI | FT25: NI | FU25: NI | FV25: NI
B26: Siebert | C26: U | D26: U | E26: U | H26: U | I26: U | J26: U | K26: U | L26: U | N26: NI | O26: NI | P26: NI | Q26: NI | R26: NI | S26: NST | BD26: NI | BE26: NI | BF26: NI | BG26: NI | BH26: NI | BI26: NST | CF26: NI | CG26: NI | CH26: NI | CI26: NI | CJ26: NI | CK26: NST | CU26: U | CV26: U | CW26: U | CX26: U | CY26: U | DB26: U | DC26: U | DD26: U | DE26: U | DF26: U | DW26: NI | DX26: NI | DY26: NI | DZ26: NI | EA26: NST | FE26: NI | FF26: NI | FG26: NI | FH26: NI | FI26: NI | FJ26: NST | FQ26: U | FT26: U | FU26: U | FV26: U | GA26: U | GB26: U | GC26: U
B27: Jochim
B28: Wunsch | D28: Fobi | G28: NI | H28: NI | I28: NI | J28: NI | K28: NI | L28: NST | V28: U | W28: U | X28: U | Y28: U | Z28: U | AC28: U | AD28: U | AN28: U | AQ28: U | BK28: NI | BL28: NI | BM28: NI | BN28: NI | BO28: NI | BP28: NST | CG28: U | CH28: U | CI28: U | CJ28: U | CK28: U | CN28: U | CO28: U | CP28: U | CQ28: U | CR28: U | CT28: NI | CU28: NI | CV28: NI | CW28: NI | CX28: NI | CY28: NST | DL28: U | DM28: U | ED28: U | EJ28: NI | EK28: NI | EL28: NI | EM28: NI | EN28: NI | EO28: NST | EY28: U | EZ28: U
B29: Göpfrich | V29: U | W29: U | X29: U | Y29: U | Z29: U | AB29: NI | AC29: NI | AD29: NI | AE29: NI | AF29: NI | AG29: NST | BR29: NI | BS29: NI | BT29: NI | BU29: NI | BV29: NI | BW29: NST | CG29: U | CH29: U | CI29: U | CJ29: U | CK29: U | DH29: NI | DI29: NI | DJ29: NI | DK29: NI | DL29: NI | DM29: NST | EK29: U | EL29: U | EM29: U | EN29: U | EO29: U | EX29: NI | EY29: NI | EZ29: NI | FA29: NI | FB29: NI | FC29: NST | FT29: U | FU29: U | FV29: U | GA29: U | GB29: U | GC29: U
B30: Zeller | O30: U | P30: U | Q30: U | R30: U | S30: U | AI30: NI | AJ30: NI | AK30: NI | AL30: NI | AM30: NI | AN30: NST | BS30: U | BT30: U | BU30: U | BV30: U | BW30: U | BZ30: U | CA30: U | CB30: U | CC30: U | CD30: U | CO30: Fobi | CP30: Fobi | CQ30: Fobi | DO30: NI | DP30: NI | DQ30: NI | DR30: NI | DS30: NI | DT30: NST | FL30: NI | FM30: NI | FN30: NI | FO30: NI | FP30: NI | FQ30: NST
B31: Behrendt | U31: NI | V31: NI | W31: NI | X31: NI | Y31: NI | Z31: NST | AC31: U | AD31: U | AE31: U | AF31: U | AG31: U | AJ31: U | AK31: U | AL31: U | AM31: U | AN31: U | AW31: NI | AX31: NI | AY31: NI | AZ31: NI | BA31: NI | BB31: NST | BY31: NI | BZ31: NI | CA31: NI | CB31: NI | CC31: NI | CD31: NST | CO31: Fobi | CP31: Fobi | CQ31: Fobi | DA31: NI | DB31: NI | DC31: NI | DD31: NI | DE31: NI | DF31: NST | EQ31: NI | ER31: NI | ES31: NI | ET31: NI | EU31: NI | EV31: NST
B32: Krempl | AJ32: U | AK32: U | AL32: U | AM32: U | AN32: U | AQ32: U | AR32: U | AS32: U | AT32: U | AU32: U | AX32: U | AY32: U | AZ32: U | BA32: U | BB32: U | FT32: U | FU32: U | FV32: U | GA32: U | GB32: U | GC32: U
B33: Putschler | J33: KT | AQ33: U | AR33: U | AS33: U | AT33: U | AU33: U | CU33: U | CV33: U | CW33: U | CX33: U | CY33: U | FT33: U | FU33: U | FV33: U | GA33: U | GB33: U | GC33: U
B34: Kunz
B35: Schmidt | V35: U | W35: U | X35: U | Y35: U | Z35: U | AC35: U | AD35: U | AN35: U | AQ35: U | CG35: U | CH35: U | CI35: U | CJ35: U | CK35: U | CN35: U | CO35: U | CP35: U | CQ35: U | CR35: U | DL35: U | DM35: U | ED35: U | EY35: U | EZ35: U
B36: Radimersky | AG36: U | AX36: U | AY36: U | AZ36: U | BA36: U | BB36: U | BE36: U | BF36: U | BG36: U | BH36: U | BI36: U | BL36: U | BM36: U | BN36: U | BO36: U | BP36: U | BS36: U | BT36: U | BU36: U | BV36: U | BW36: U | DP36: U | DQ36: U | DR36: U | DS36: U | DT36: U
O37: Jan | S37: =C2+1 -> 2027 | AT37: Feb | AX37: =C2+1 -> 2027
C38: Weihnachtsferien
C39: KW 1 | G39: KW 2 | N39: KW 3 | U39: KW 4 | AB39: KW 5 | AI39: KW 6 | AP39: KW 7 | AW39: KW 8 | BD39: KW 9
C40: 1 | D40: 2 | E40: 3 | F40: 4 | G40: 5 | H40: 6 | I40: 7 | J40: 8 | K40: 9 | L40: 10 | M40: 11 | N40: 12 | O40: 13 | P40: 14 | Q40: 15 | R40: 16 | S40: 17 | T40: 18 | U40: 19 | V40: 20 | W40: 21 | X40: 22 | Y40: 23 | Z40: 24 | AA40: 25 | AB40: 26 | AC40: 27 | AD40: 28 | AE40: 29 | AF40: 30 | AG40: 31 | AH40: 1 | AI40: 2 | AJ40: 3 | AK40: 4 | AL40: 5 | AM40: 6 | AN40: 7 | AO40: 8 | AP40: 9 | AQ40: 10 | AR40: 11 | AS40: 12 | AT40: 13 | AU40: 14 | AV40: 15 | AW40: 16 | AX40: 17 | AY40: 18 | AZ40: 19 | BA40: 20 | BB40: 21 | BC40: 22 | BD40: 23 | BE40: 24 | BF40: 25 | BG40: 26 | BH40: 27 | BI40: 28 | CW40: NI | CX40: FZC 83 | CZ40: KT
C41: Fr | D41: Sa | E41: So | F41: Mo | G41: Di | H41: Mi | I41: Do | J41: Fr | K41: Sa | L41: So | M41: Mo | N41: Di | O41: Mi | P41: Do | Q41: Fr | R41: Sa | S41: So | T41: Mo | U41: Di | V41: Mi | W41: Do | X41: Fr | Y41: Sa | Z41: So | AA41: Mo | AB41: Di | AC41: Mi | AD41: Do | AE41: Fr | AF41: Sa | AG41: So | AH41: Mo | AI41: Di | AJ41: Mi | AK41: Do | AL41: Fr | AM41: Sa | AN41: So | AO41: Mo | AP41: Di | AQ41: Mi | AR41: Do | AS41: Fr | AT41: Sa | AU41: So | AV41: Mo | AW41: Di | AX41: Mi | AY41: Do | AZ41: Fr | BA41: Sa | BB41: So | BC41: Mo | BD41: Di | BE41: Mi | BF41: Do | BG41: Fr | BH41: Sa | BI41: So | CX41: QM
B42: Breig | CX42: Fobi | CY42: Fobi
B43: Siebert | F43: U | G43: U | I43: U | J43: U | CW43: FII | CX43: FII | CY43: RTW- Des.
B44: Jochim | CX44: A
B45: Wunsch | CX45: KA
B46: Göpfrich | F46: U | G46: U | I46: U | J46: U | CX46: EH | CY46: Mi
B47: Zeller | CW47: U | CX47: T-ZG
B48: Behrendt
B49: Krempl | F49: U | G49: U | I49: U | J49: U | CW49: Sa | CX49: Fr
B50: Putschler | F50: U | G50: U | I50: U | J50: U | CX50: Sek 13-16 h
B51: Kunz
B52: Schmidt | CX52: FI MO | CY52: SI MO
B53: Radimersky | CV53: NI TE | CW53: FI TE | CX53: TE

Sheet Jahr
B2: Jahr | C2: =Dienstplan!C2 -> 2026
C3: =Monat!AB3 -> FI | D3: =Monat!AB4 -> FII | E3: =Monat!AB5 -> SI | F3: =Monat!AB6 -> NI | G3: =Monat!AB7 -> DI | H3: =Monat!AB8 -> DII | I3: =Monat!AB9 -> SD | J3: =Monat!AB10 -> GT | K3: =Monat!AB11 -> U | L3: =Monat!AB12 -> EH | M3: =Monat!AB13 -> KT | N3: =Monat!AB14 -> Sek | O3: =Monat!AB15 -> Fobi | P3: =Monat!AB16 -> A | Q3: =Monat!AB17 -> Kur | R3: =Monat!AB18 -> FZC | S3: =Monat!AB19 -> NST
B4: =Dienstplan!B8 -> Breig | C4: =SUM(Monat!C4,Monat!C20,Monat!C36,Monat!C52,Monat!C68,Monat!C84,Monat!C100+Monat!C116,Monat!C132,Monat!C148,Monat!C164,Monat!C180) -> 16 | D4: =SUM(Monat!D4,Monat!D20,Monat!D36,Monat!D52,Monat!D68,Monat!D84,Monat!D100+Monat!D116,Monat!D132,Monat!D148,Monat!D164,Monat!D180) -> 8 | E4: =SUM(Monat!E4,Monat!E20,Monat!E36,Monat!E52,Monat!E68,Monat!E84,Monat!E100,Monat!E116,Monat!E132,Monat!E148,Monat!E164,Monat!E180) -> 13 | F4: =SUM(Monat!F4,Monat!F20,Monat!F36,Monat!F52,Monat!F68,Monat!F84,Monat!F100+Monat!F116,Monat!F132,Monat!F148,Monat!F164,Monat!F180) -> 43 | G4: =SUM(Monat!G4,Monat!G20,Monat!G36,Monat!G52,Monat!G68,Monat!G84,Monat!G100+Monat!G116,Monat!G132,Monat!G148,Monat!G164,Monat!G180) -> 5 | H4: =SUM(Monat!H4,Monat!H20,Monat!H36,Monat!H52,Monat!H68,Monat!H84,Monat!H100+Monat!H116,Monat!H132,Monat!H148,Monat!H164,Monat!H180) -> 0 | I4: =SUM(Monat!I4,Monat!I20,Monat!I36,Monat!I52,Monat!I68,Monat!I84,Monat!I100+Monat!I116,Monat!I132,Monat!I148,Monat!I164,Monat!I180) -> 0 | J4: =SUM(Monat!J4,Monat!J20,Monat!J36,Monat!J52,Monat!J68,Monat!J84,Monat!J100+Monat!J116,Monat!J132,Monat!J148,Monat!J164,Monat!J180) -> 1 | K4: =SUM(Monat!K4,Monat!K20,Monat!K36,Monat!K52,Monat!K68,Monat!K84,Monat!K100+Monat!K116,Monat!K132,Monat!K148,Monat!K164,Monat!K180) -> 37 | L4: =SUM(Monat!L4,Monat!L20,Monat!L36,Monat!L52,Monat!L68,Monat!L84,Monat!L100+Monat!L116,Monat!L132,Monat!L148,Monat!L164,Monat!L180) -> 2 | M4: =SUM(Monat!M4,Monat!M20,Monat!M36,Monat!M52,Monat!M68,Monat!M84,Monat!M100+Monat!M116,Monat!M132,Monat!M148,Monat!M164,Monat!M180) -> 0 | ... S4: =SUM(Monat!S4,Monat!S20,Monat!S36,Monat!S52,Monat!S68,Monat!S84,Monat!S100+Monat!S116,Monat!S132,Monat!S148,Monat!S164,Monat!S180) -> 8
B5: =Dienstplan!B9 -> Siebert | C5: =SUM(Monat!C5,Monat!C21,Monat!C37,Monat!C53,Monat!C69,Monat!C85,Monat!C101+Monat!C117,Monat!C133,Monat!C149,Monat!C165,Monat!C181) -> 7 | D5: =SUM(Monat!D5,Monat!D21,Monat!D37,Monat!D53,Monat!D69,Monat!D85,Monat!D101+Monat!D117,Monat!D133,Monat!D149,Monat!D165,Monat!D181) -> 5 | E5: =SUM(Monat!E5,Monat!E21,Monat!E37,Monat!E53,Monat!E69,Monat!E85,Monat!E101+Monat!E117,Monat!E133,Monat!E149,Monat!E165,Monat!E181) -> 25 | F5: =SUM(Monat!F5,Monat!F21,Monat!F37,Monat!F53,Monat!F69,Monat!F85,Monat!F101+Monat!F117,Monat!F133,Monat!F149,Monat!F165,Monat!F181) -> 49 | G5: =SUM(Monat!G5,Monat!G21,Monat!G37,Monat!G53,Monat!G69,Monat!G85,Monat!G101+Monat!G117,Monat!G133,Monat!G149,Monat!G165,Monat!G181) -> 0 | H5: =SUM(Monat!H5,Monat!H21,Monat!H37,Monat!H53,Monat!H69,Monat!H85,Monat!H101+Monat!H117,Monat!H133,Monat!H149,Monat!H165,Monat!H181) -> 0 | I5: =SUM(Monat!I5,Monat!I21,Monat!I37,Monat!I53,Monat!I69,Monat!I85,Monat!I101+Monat!I117,Monat!I133,Monat!I149,Monat!I165,Monat!I181) -> 0 | J5: =SUM(Monat!J5,Monat!J21,Monat!J37,Monat!J53,Monat!J69,Monat!J85,Monat!J101+Monat!J117,Monat!J133,Monat!J149,Monat!J165,Monat!J181) -> 0 | ... S5: =SUM(Monat!S5,Monat!S21,Monat!S37,Monat!S53,Monat!S69,Monat!S85,Monat!S101+Monat!S117,Monat!S133,Monat!S149,Monat!S165,Monat!S181) -> 10
B6: =Dienstplan!B10 -> Jochim | C6: =SUM(Monat!C6,Monat!C22,Monat!C38,Monat!C54,Monat!C70,Monat!C86,Monat!C102+Monat!C118,Monat!C134,Monat!C150,Monat!C166,Monat!C182) -> 5 | D6: =SUM(Monat!D6,Monat!D22,Monat!D38,Monat!D54,Monat!D70,Monat!D86,Monat!D102+Monat!D118,Monat!D134,Monat!D150,Monat!D166,Monat!D182) -> 0 | E6: =SUM(Monat!E6,Monat!E22,Monat!E38,Monat!E54,Monat!E70,Monat!E86,Monat!E102+Monat!E118,Monat!E134,Monat!E150,Monat!E166,Monat!E182) -> 0 | F6: =SUM(Monat!F6,Monat!F22,Monat!F38,Monat!F54,Monat!F70,Monat!F86,Monat!F102+Monat!F118,Monat!F134,Monat!F150,Monat!F166,Monat!F182) -> 0 | G6: =SUM(Monat!G6,Monat!G22,Monat!G38,Monat!G54,Monat!G70,Monat!G86,Monat!G102+Monat!G118,Monat!G134,Monat!G150,Monat!G166,Monat!G182) -> 8 | H6: =SUM(Monat!H6,Monat!H22,Monat!H38,Monat!H54,Monat!H70,Monat!H86,Monat!H102+Monat!H118,Monat!H134,Monat!H150,Monat!H166,Monat!H182) -> 5 | I6: =SUM(Monat!I6,Monat!I22,Monat!I38,Monat!I54,Monat!I70,Monat!I86,Monat!I102+Monat!I118,Monat!I134,Monat!I150,Monat!I166,Monat!I182) -> 1 | J6: =SUM(Monat!J6,Monat!J22,Monat!J38,Monat!J54,Monat!J70,Monat!J86,Monat!J102+Monat!J118,Monat!J134,Monat!J150,Monat!J166,Monat!J182) -> 0 | ... S6: =SUM(Monat!S6,Monat!S22,Monat!S38,Monat!S54,Monat!S70,Monat!S86,Monat!S102+Monat!S118,Monat!S134,Monat!S150,Monat!S166,Monat!S182) -> 0
B7: =Dienstplan!B11 -> Wunsch | C7: =SUM(Monat!C7,Monat!C23,Monat!C39,Monat!C55,Monat!C71,Monat!C87,Monat!C103+Monat!C119,Monat!C135,Monat!C151,Monat!C167,Monat!C183) -> 8 | D7: =SUM(Monat!D7,Monat!D23,Monat!D39,Monat!D55,Monat!D71,Monat!D87,Monat!D103+Monat!D119,Monat!D135,Monat!D151,Monat!D167,Monat!D183) -> 2 | E7: =SUM(Monat!E7,Monat!E23,Monat!E39,Monat!E55,Monat!E71,Monat!E87,Monat!E103+Monat!E119,Monat!E135,Monat!E151,Monat!E167,Monat!E183) -> 12 | F7: =SUM(Monat!F7,Monat!F23,Monat!F39,Monat!F55,Monat!F71,Monat!F87,Monat!F103+Monat!F119,Monat!F135,Monat!F151,Monat!F167,Monat!F183) -> 43 | G7: =SUM(Monat!G7,Monat!G23,Monat!G39,Monat!G55,Monat!G71,Monat!G87,Monat!G103+Monat!G119,Monat!G135,Monat!G151,Monat!G167,Monat!G183) -> 4 | H7: =SUM(Monat!H7,Monat!H23,Monat!H39,Monat!H55,Monat!H71,Monat!H87,Monat!H103+Monat!H119,Monat!H135,Monat!H151,Monat!H167,Monat!H183) -> 0 | I7: =SUM(Monat!I7,Monat!I23,Monat!I39,Monat!I55,Monat!I71,Monat!I87,Monat!I103+Monat!I119,Monat!I135,Monat!I151,Monat!I167,Monat!I183) -> 5 | J7: =SUM(Monat!J7,Monat!J23,Monat!J39,Monat!J55,Monat!J71,Monat!J87,Monat!J103+Monat!J119,Monat!J135,Monat!J151,Monat!J167,Monat!J183) -> 1 | ... S7: =SUM(Monat!S7,Monat!S23,Monat!S39,Monat!S55,Monat!S71,Monat!S87,Monat!S103+Monat!S119,Monat!S135,Monat!S151,Monat!S167,Monat!S183) -> 9
B8: =Dienstplan!B12 -> Göpfrich | C8: =SUM(Monat!C8,Monat!C24,Monat!C40,Monat!C56,Monat!C72,Monat!C88,Monat!C104+Monat!C120,Monat!C136,Monat!C152,Monat!C168,Monat!C184) -> 5 | D8: =SUM(Monat!D8,Monat!D24,Monat!D40,Monat!D56,Monat!D72,Monat!D88,Monat!D104+Monat!D120,Monat!D136,Monat!D152,Monat!D168,Monat!D184) -> 0 | E8: =SUM(Monat!E8,Monat!E24,Monat!E40,Monat!E56,Monat!E72,Monat!E88,Monat!E104+Monat!E120,Monat!E136,Monat!E152,Monat!E168,Monat!E184) -> 31 | F8: =SUM(Monat!F8,Monat!F24,Monat!F40,Monat!F56,Monat!F72,Monat!F88,Monat!F104+Monat!F120,Monat!F136,Monat!F152,Monat!F168,Monat!F184) -> 47 | G8: =SUM(Monat!G8,Monat!G24,Monat!G40,Monat!G56,Monat!G72,Monat!G88,Monat!G104+Monat!G120,Monat!G136,Monat!G152,Monat!G168,Monat!G184) -> 5 | H8: =SUM(Monat!H8,Monat!H24,Monat!H40,Monat!H56,Monat!H72,Monat!H88,Monat!H104+Monat!H120,Monat!H136,Monat!H152,Monat!H168,Monat!H184) -> 0 | I8: =SUM(Monat!I8,Monat!I24,Monat!I40,Monat!I56,Monat!I72,Monat!I88,Monat!I104+Monat!I120,Monat!I136,Monat!I152,Monat!I168,Monat!I184) -> 2 | J8: =SUM(Monat!J8,Monat!J24,Monat!J40,Monat!J56,Monat!J72,Monat!J88,Monat!J104+Monat!J120,Monat!J136,Monat!J152,Monat!J168,Monat!J184) -> 2 | ... S8: =SUM(Monat!S8,Monat!S24,Monat!S40,Monat!S56,Monat!S72,Monat!S88,Monat!S104+Monat!S120,Monat!S136,Monat!S152,Monat!S168,Monat!S184) -> 8
B9: =Dienstplan!B13 -> Zeller | C9: =SUM(Monat!C9,Monat!C25,Monat!C41,Monat!C57,Monat!C73,Monat!C89,Monat!C105+Monat!C121,Monat!C137,Monat!C153,Monat!C169,Monat!C185) -> 19 | D9: =SUM(Monat!D9,Monat!D25,Monat!D41,Monat!D57,Monat!D73,Monat!D89,Monat!D105+Monat!D121,Monat!D137,Monat!D153,Monat!D169,Monat!D185) -> 4 | E9: =SUM(Monat!E9,Monat!E25,Monat!E41,Monat!E57,Monat!E73,Monat!E89,Monat!E105+Monat!E121,Monat!E137,Monat!E153,Monat!E169,Monat!E185) -> 13 | F9: =SUM(Monat!F9,Monat!F25,Monat!F41,Monat!F57,Monat!F73,Monat!F89,Monat!F105+Monat!F121,Monat!F137,Monat!F153,Monat!F169,Monat!F185) -> 34 | G9: =SUM(Monat!G9,Monat!G25,Monat!G41,Monat!G57,Monat!G73,Monat!G89,Monat!G105+Monat!G121,Monat!G137,Monat!G153,Monat!G169,Monat!G185) -> 8 | H9: =SUM(Monat!H9,Monat!H25,Monat!H41,Monat!H57,Monat!H73,Monat!H89,Monat!H105+Monat!H121,Monat!H137,Monat!H153,Monat!H169,Monat!H185) -> 0 | I9: =SUM(Monat!I9,Monat!I25,Monat!I41,Monat!I57,Monat!I73,Monat!I89,Monat!I105+Monat!I121,Monat!I137,Monat!I153,Monat!I169,Monat!I185) -> 0 | J9: =SUM(Monat!J9,Monat!J25,Monat!J41,Monat!J57,Monat!J73,Monat!J89,Monat!J105+Monat!J121,Monat!J137,Monat!J153,Monat!J169,Monat!J185) -> 3 | ... S9: =SUM(Monat!S9,Monat!S25,Monat!S41,Monat!S57,Monat!S73,Monat!S89,Monat!S105+Monat!S121,Monat!S137,Monat!S153,Monat!S169,Monat!S185) -> 8
B10: =Dienstplan!B14 -> Behrendt | C10: =SUM(Monat!C10,Monat!C26,Monat!C42,Monat!C58,Monat!C74,Monat!C90,Monat!C106+Monat!C122,Monat!C138,Monat!C154,Monat!C170,Monat!C186) -> 5 | D10: =SUM(Monat!D10,Monat!D26,Monat!D42,Monat!D58,Monat!D74,Monat!D90,Monat!D106+Monat!D122,Monat!D138,Monat!D154,Monat!D170,Monat!D186) -> 13 | E10: =SUM(Monat!E10,Monat!E26,Monat!E42,Monat!E58,Monat!E74,Monat!E90,Monat!E106+Monat!E122,Monat!E138,Monat!E154,Monat!E170,Monat!E186) -> 18 | F10: =SUM(Monat!F10,Monat!F26,Monat!F42,Monat!F58,Monat!F74,Monat!F90,Monat!F106+Monat!F122,Monat!F138,Monat!F154,Monat!F170,Monat!F186) -> 40 | G10: =SUM(Monat!G10,Monat!G26,Monat!G42,Monat!G58,Monat!G74,Monat!G90,Monat!G106+Monat!G122,Monat!G138,Monat!G154,Monat!G170,Monat!G186) -> 0 | H10: =SUM(Monat!H10,Monat!H26,Monat!H42,Monat!H58,Monat!H74,Monat!H90,Monat!H106+Monat!H122,Monat!H138,Monat!H154,Monat!H170,Monat!H186) -> 0 | I10: =SUM(Monat!I10,Monat!I26,Monat!I42,Monat!I58,Monat!I74,Monat!I90,Monat!I106+Monat!I122,Monat!I138,Monat!I154,Monat!I170,Monat!I186) -> 0 | J10: =SUM(Monat!J10,Monat!J26,Monat!J42,Monat!J58,Monat!J74,Monat!J90,Monat!J106+Monat!J122,Monat!J138,Monat!J154,Monat!J170,Monat!J186) -> 1 | ... S10: =SUM(Monat!S10,Monat!S26,Monat!S42,Monat!S58,Monat!S74,Monat!S90,Monat!S106+Monat!S122,Monat!S138,Monat!S154,Monat!S170,Monat!S186) -> 8
B11: =Dienstplan!B15 -> Krempl | C11: =SUM(Monat!C11,Monat!C27,Monat!C43,Monat!C59,Monat!C75,Monat!C91,Monat!C107+Monat!C123,Monat!C139,Monat!C155,Monat!C171,Monat!C187) -> 0 | D11: =SUM(Monat!D11,Monat!D27,Monat!D43,Monat!D59,Monat!D75,Monat!D91,Monat!D107+Monat!D123,Monat!D139,Monat!D155,Monat!D171,Monat!D187) -> 1 | E11: =SUM(Monat!E11,Monat!E27,Monat!E43,Monat!E59,Monat!E75,Monat!E91,Monat!E107+Monat!E123,Monat!E139,Monat!E155,Monat!E171,Monat!E187) -> 0 | F11: =SUM(Monat!F11,Monat!F27,Monat!F43,Monat!F59,Monat!F75,Monat!F91,Monat!F107+Monat!F123,Monat!F139,Monat!F155,Monat!F171,Monat!F187) -> 0 | G11: =SUM(Monat!G11,Monat!G27,Monat!G43,Monat!G59,Monat!G75,Monat!G91,Monat!G107+Monat!G123,Monat!G139,Monat!G155,Monat!G171,Monat!G187) -> 14 | H11: =SUM(Monat!H11,Monat!H27,Monat!H43,Monat!H59,Monat!H75,Monat!H91,Monat!H107+Monat!H123,Monat!H139,Monat!H155,Monat!H171,Monat!H187) -> 0 | I11: =SUM(Monat!I11,Monat!I27,Monat!I43,Monat!I59,Monat!I75,Monat!I91,Monat!I107+Monat!I123,Monat!I139,Monat!I155,Monat!I171,Monat!I187) -> 1 | J11: =SUM(Monat!J11,Monat!J27,Monat!J43,Monat!J59,Monat!J75,Monat!J91,Monat!J107+Monat!J123,Monat!J139,Monat!J155,Monat!J171,Monat!J187) -> 25 | ... S11: =SUM(Monat!S11,Monat!S27,Monat!S43,Monat!S59,Monat!S75,Monat!S91,Monat!S107+Monat!S123,Monat!S139,Monat!S155,Monat!S171,Monat!S187) -> 1
B12: =Dienstplan!B16 -> Putschler | C12: =SUM(Monat!C12,Monat!C28,Monat!C44,Monat!C60,Monat!C76,Monat!C92,Monat!C108+Monat!C124,Monat!C140,Monat!C156,Monat!C172,Monat!C188) -> 0 | D12: =SUM(Monat!D12,Monat!D28,Monat!D44,Monat!D60,Monat!D76,Monat!D92,Monat!D108+Monat!D124,Monat!D140,Monat!D156,Monat!D172,Monat!D188) -> 0 | E12: =SUM(Monat!E12,Monat!E28,Monat!E44,Monat!E60,Monat!E76,Monat!E92,Monat!E108+Monat!E124,Monat!E140,Monat!E156,Monat!E172,Monat!E188) -> 0 | F12: =SUM(Monat!F12,Monat!F28,Monat!F44,Monat!F60,Monat!F76,Monat!F92,Monat!F108+Monat!F124,Monat!F140,Monat!F156,Monat!F172,Monat!F188) -> 0 | G12: =SUM(Monat!G12,Monat!G28,Monat!G44,Monat!G60,Monat!G76,Monat!G92,Monat!G108+Monat!G124,Monat!G140,Monat!G156,Monat!G172,Monat!G188) -> 0 | H12: =SUM(Monat!H12,Monat!H28,Monat!H44,Monat!H60,Monat!H76,Monat!H92,Monat!H108+Monat!H124,Monat!H140,Monat!H156,Monat!H172,Monat!H188) -> 0 | I12: =SUM(Monat!I12,Monat!I28,Monat!I44,Monat!I60,Monat!I76,Monat!I92,Monat!I108+Monat!I124,Monat!I140,Monat!I156,Monat!I172,Monat!I188) -> 0 | J12: =SUM(Monat!J12,Monat!J28,Monat!J44,Monat!J60,Monat!J76,Monat!J92,Monat!J108+Monat!J124,Monat!J140,Monat!J156,Monat!J172,Monat!J188) -> 1 | ... S12: =SUM(Monat!S12,Monat!S28,Monat!S44,Monat!S60,Monat!S76,Monat!S92,Monat!S108+Monat!S124,Monat!S140,Monat!S156,Monat!S172,Monat!S188) -> 0
B13: =Dienstplan!B18 -> Schmidt | C13: =SUM(Monat!C13,Monat!C29,Monat!C45,Monat!C61,Monat!C77,Monat!C93,Monat!C109+Monat!C125,Monat!C141,Monat!C157,Monat!C173,Monat!C189) -> 0 | D13: =SUM(Monat!D13,Monat!D29,Monat!D45,Monat!D61,Monat!D77,Monat!D93,Monat!D109+Monat!D125,Monat!D141,Monat!D157,Monat!D173,Monat!D189) -> 0 | E13: =SUM(Monat!E13,Monat!E29,Monat!E45,Monat!E61,Monat!E77,Monat!E93,Monat!E109+Monat!E125,Monat!E141,Monat!E157,Monat!E173,Monat!E189) -> 0 | F13: =SUM(Monat!F13,Monat!F29,Monat!F45,Monat!F61,Monat!F77,Monat!F93,Monat!F109+Monat!F125,Monat!F141,Monat!F157,Monat!F173,Monat!F189) -> 0 | G13: =SUM(Monat!G13,Monat!G29,Monat!G45,Monat!G61,Monat!G77,Monat!G93,Monat!G109+Monat!G125,Monat!G141,Monat!G157,Monat!G173,Monat!G189) -> 0 | H13: =SUM(Monat!H13,Monat!H29,Monat!H45,Monat!H61,Monat!H77,Monat!H93,Monat!H109+Monat!H125,Monat!H141,Monat!H157,Monat!H173,Monat!H189) -> 0 | I13: =SUM(Monat!I13,Monat!I29,Monat!I45,Monat!I61,Monat!I77,Monat!I93,Monat!I109+Monat!I125,Monat!I141,Monat!I157,Monat!I173,Monat!I189) -> 0 | J13: =SUM(Monat!J13,Monat!J29,Monat!J45,Monat!J61,Monat!J77,Monat!J93,Monat!J109+Monat!J125,Monat!J141,Monat!J157,Monat!J173,Monat!J189) -> 0 | ... S13: =SUM(Monat!S13,Monat!S29,Monat!S45,Monat!S61,Monat!S77,Monat!S93,Monat!S109+Monat!S125,Monat!S141,Monat!S157,Monat!S173,Monat!S189) -> 0
B14: =Dienstplan!B19 -> Radimersky | C14: =SUM(Monat!C14,Monat!C30,Monat!C46,Monat!C62,Monat!C78,Monat!C94,Monat!C110+Monat!C126,Monat!C142,Monat!C158,Monat!C174,Monat!C190) -> 0 | D14: =SUM(Monat!D14,Monat!D30,Monat!D46,Monat!D62,Monat!D78,Monat!D94,Monat!D110+Monat!D126,Monat!D142,Monat!D158,Monat!D174,Monat!D190) -> 0 | E14: =SUM(Monat!E14,Monat!E30,Monat!E46,Monat!E62,Monat!E78,Monat!E94,Monat!E110+Monat!E126,Monat!E142,Monat!E158,Monat!E174,Monat!E190) -> 0 | F14: =SUM(Monat!F14,Monat!F30,Monat!F46,Monat!F62,Monat!F78,Monat!F94,Monat!F110+Monat!F126,Monat!F142,Monat!F158,Monat!F174,Monat!F190) -> 0 | G14: =SUM(Monat!G14,Monat!G30,Monat!G46,Monat!G62,Monat!G78,Monat!G94,Monat!G110+Monat!G126,Monat!G142,Monat!G158,Monat!G174,Monat!G190) -> 0 | H14: =SUM(Monat!H14,Monat!H30,Monat!H46,Monat!H62,Monat!H78,Monat!H94,Monat!H110+Monat!H126,Monat!H142,Monat!H158,Monat!H174,Monat!H190) -> 0 | I14: =SUM(Monat!I14,Monat!I30,Monat!I46,Monat!I62,Monat!I78,Monat!I94,Monat!I110+Monat!I126,Monat!I142,Monat!I158,Monat!I174,Monat!I190) -> 0 | J14: =SUM(Monat!J14,Monat!J30,Monat!J46,Monat!J62,Monat!J78,Monat!J94,Monat!J110+Monat!J126,Monat!J142,Monat!J158,Monat!J174,Monat!J190) -> 0 | ... S14: =SUM(Monat!S14,Monat!S30,Monat!S46,Monat!S62,Monat!S78,Monat!S94,Monat!S110+Monat!S126,Monat!S142,Monat!S158,Monat!S174,Monat!S190) -> 0
B15: Summe | C15: =SUM(Monat!C16,Monat!C32,Monat!C48,Monat!C64,Monat!C80,Monat!C96,Monat!C112+Monat!C128,Monat!C144,Monat!C160,Monat!C176,Monat!C192) -> 65 | D15: =SUM(Monat!D16,Monat!D32,Monat!D48,Monat!D64,Monat!D80,Monat!D96,Monat!D112+Monat!D128,Monat!D144,Monat!D160,Monat!D176,Monat!D192) -> 33 | E15: =SUM(Monat!E16,Monat!E32,Monat!E48,Monat!E64,Monat!E80,Monat!E96,Monat!E112+Monat!E128,Monat!E144,Monat!E160,Monat!E176,Monat!E192) -> 112 | F15: =SUM(Monat!F16,Monat!F32,Monat!F48,Monat!F64,Monat!F80,Monat!F96,Monat!F112+Monat!F128,Monat!F144,Monat!F160,Monat!F176,Monat!F192) -> 256 | G15: =SUM(Monat!G16,Monat!G32,Monat!G48,Monat!G64,Monat!G80,Monat!G96,Monat!G112+Monat!G128,Monat!G144,Monat!G160,Monat!G176,Monat!G192) -> 44 | H15: =SUM(Monat!H16,Monat!H32,Monat!H48,Monat!H64,Monat!H80,Monat!H96,Monat!H112+Monat!H128,Monat!H144,Monat!H160,Monat!H176,Monat!H192) -> 5 | I15: =SUM(Monat!I16,Monat!I32,Monat!I48,Monat!I64,Monat!I80,Monat!I96,Monat!I112+Monat!I128,Monat!I144,Monat!I160,Monat!I176,Monat!I192) -> 9 | J15: =SUM(Monat!J16,Monat!J32,Monat!J48,Monat!J64,Monat!J80,Monat!J96,Monat!J112+Monat!J128,Monat!J144,Monat!J160,Monat!J176,Monat!J192) -> 34 | ... S15: =SUM(Monat!S16,Monat!S32,Monat!S48,Monat!S64,Monat!S80,Monat!S96,Monat!S112+Monat!S128,Monat!S144,Monat!S160,Monat!S176,Monat!S192) -> 52

Sheet Monat
B2: Januar | D2: Arbeitstage | F2: 21 | I2: Samstage | K2: 4 | Y2: Mitarbeiter | Z2: IRTAZ | AA2: Std. ZEM | AB2: Schichten | AC2: Zeit | AD2: Urlaub in Std.
C3: =Jahr!C3 -> FI | D3: =Jahr!D3 -> FII | E3: =Jahr!E3 -> SI | F3: =Jahr!F3 -> NI | G3: =Jahr!G3 -> DI | H3: =Jahr!H3 -> DII | I3: =Jahr!I3 -> SD | J3: =Jahr!J3 -> GT | ... S3: =Jahr!S3 -> NST | T3: Soll AZ | U3: Ist AZ | V3: Differenz | W3: Gesamt | Y3: =B4 -> Breig | Z3: 8 | AA3: 0 | AB3: FI | AC3: 7.25 | AD3: =SUM(Z3*30) -> 240
B4: =Dienstplan!B8 -> Breig | C4: =SUMPRODUCT((ISNUMBER(SEARCH($Y3,Dienstplan!$B$8:$B$19))*(ISNUMBER(SEARCH($AB$3,Dienstplan!$C$8:$AG$19)))))-D4 -> 0 | D4: =SUMPRODUCT((ISNUMBER(SEARCH($Y3,Dienstplan!$B$8:$B$19))*(ISNUMBER(SEARCH($AB$4,Dienstplan!$C$8:$AG$19))))) -> 6 | E4: =SUMPRODUCT((ISNUMBER(SEARCH($Y3,Dienstplan!$B$8:$B$19))*(ISNUMBER(SEARCH($AB$5,Dienstplan!$C$8:$AG$19))))) -> 5 | F4: =SUMPRODUCT((ISNUMBER(SEARCH($Y3,Dienstplan!$B$8:$B$19))*(ISNUMBER(SEARCH($AB6,Dienstplan!$C$8:$AG$19)))))-1 -> 1 | G4: =SUMPRODUCT((ISNUMBER(SEARCH($Y3,Dienstplan!$B$8:$B$19))*(ISNUMBER(SEARCH(AB$7,Dienstplan!$C$8:$AG$19)))))-H4 -> 2 | H4: =SUMPRODUCT((ISNUMBER(SEARCH($Y3,Dienstplan!$B$8:$B$19))*(ISNUMBER(SEARCH(AB$8,Dienstplan!$C$8:$AG$19))))) -> 0 | I4: =SUMPRODUCT((ISNUMBER(SEARCH($Y3,Dienstplan!$B$8:$B$19))*(ISNUMBER(SEARCH($AB$9,Dienstplan!$C$8:$AG$19))))) -> 0 | J4: =SUMPRODUCT((ISNUMBER(SEARCH($Y3,Dienstplan!$B$8:$B$19))*(ISNUMBER(SEARCH($AB$10,Dienstplan!$C$8:$AG$19))))) -> 1 | K4: =SUMPRODUCT((ISNUMBER(SEARCH($Y3,Dienstplan!$B$8:$B$19))*(ISNUMBER(SEARCH($AB$11,Dienstplan!$C$8:$AG$19)))))-$Q4 -> 4 | L4: =SUMPRODUCT((ISNUMBER(SEARCH($Y3,Dienstplan!$B$8:$B$19))*(ISNUMBER(SEARCH($AB$12,Dienstplan!$C$8:$AG$19))))) -> 0 | M4: =SUMPRODUCT((ISNUMBER(SEARCH($Y3,Dienstplan!$B$8:$B$19))*(ISNUMBER(SEARCH($AB$13,Dienstplan!$C$8:$AG$19))))) -> 0 | N4: =SUMPRODUCT((ISNUMBER(SEARCH($Y3,Dienstplan!$B$8:$B$19))*(ISNUMBER(SEARCH($AB$14,Dienstplan!$C$8:$AG$19))))) -> 0 | O4: =SUMPRODUCT((ISNUMBER(SEARCH($Y3,Dienstplan!$B$8:$B$19))*(ISNUMBER(SEARCH($AB$15,Dienstplan!$C$8:$AG$19))))) -> 0 | P4: =SUMPRODUCT((ISNUMBER(SEARCH($Y3,Dienstplan!$B$8:$B$19))*(ISNUMBER(SEARCH($AB$16,Dienstplan!$C$8:$AG$19))))) -> 2 | Q4: =SUMPRODUCT((ISNUMBER(SEARCH($Y3,Dienstplan!$B$8:$B$19))*(ISNUMBER(SEARCH($AB$17,Dienstplan!$C$8:$AG$19))))) -> 0 | R4: =SUMPRODUCT((ISNUMBER(SEARCH($Y3,Dienstplan!$B$8:$B$19))*(ISNUMBER(SEARCH($AB$18,Dienstplan!$C$8:$AG$19))))) -> 0 | S4: =SUMPRODUCT((ISNUMBER(SEARCH($Y3,Dienstplan!$B$8:$B$19))*(ISNUMBER(SEARCH($AB$19,Dienstplan!$C$8:$AG$19))))) -> 0 | T4: =SUM($F$2*$Z3) -> 168 | U4: =SUM($C4*Frueh_1+$D4*Spaet_1+$E4*Nacht_1+$F4*Normal_1+$I4*Sonderd_1-$J4*Velten+$K4*Velten+$L4*EH_Kurs+$M4*Koor_taet+$N4*Sekre_1+$O4*Velten+$R4*Velten+$P4*Velten+$Q4*Velten+G4*Unt_I+H4*Unt_II) -> 146 | V4: =SUM($U4-$T4) -> -22 | W4: =V4+AA3 -> -22 | Y4: =B5 -> Siebert | Z4: 7 | AA4: 0 | AB4: FII | AC4: 7.5 | AD4: =SUM(Z4*30) -> 210
B5: =Dienstplan!B9 -> Siebert | C5: =SUMPRODUCT((ISNUMBER(SEARCH($Y4,Dienstplan!$B$8:$B$19))*(ISNUMBER(SEARCH($AB$3,Dienstplan!$C$8:$AG$19)))))-D5 -> 6 | D5: =SUMPRODUCT((ISNUMBER(SEARCH($Y4,Dienstplan!$B$8:$B$19))*(ISNUMBER(SEARCH($AB$4,Dienstplan!$C$8:$AG$19))))) -> 3 | E5: =SUMPRODUCT((ISNUMBER(SEARCH($Y4,Dienstplan!$B$8:$B$19))*(ISNUMBER(SEARCH($AB$5,Dienstplan!$C$8:$AG$19))))) -> 5 | F5: =SUMPRODUCT((ISNUMBER(SEARCH($Y4,Dienstplan!$B$8:$B$19))*(ISNUMBER(SEARCH($AB$6,Dienstplan!$C$8:$AG$19))))) -> 5 | G5: =SUMPRODUCT((ISNUMBER(SEARCH($Y4,Dienstplan!$B$8:$B$19))*(ISNUMBER(SEARCH(AB$7,Dienstplan!$C$8:$AG$19)))))-H5 -> 0 | H5: =SUMPRODUCT((ISNUMBER(SEARCH($Y4,Dienstplan!$B$8:$B$19))*(ISNUMBER(SEARCH(AB$8,Dienstplan!$C$8:$AG$19))))) -> 0 | I5: =SUMPRODUCT((ISNUMBER(SEARCH($Y4,Dienstplan!$B$8:$B$19))*(ISNUMBER(SEARCH($AB$9,Dienstplan!$C$8:$AG$19))))) -> 0 | J5: =SUMPRODUCT((ISNUMBER(SEARCH($Y4,Dienstplan!$B$8:$B$19))*(ISNUMBER(SEARCH($AB$10,Dienstplan!$C$8:$AG$19))))) -> 0 | K5: =SUMPRODUCT((ISNUMBER(SEARCH($Y4,Dienstplan!$B$8:$B$19))*(ISNUMBER(SEARCH($AB$11,Dienstplan!$C$8:$AG$19)))))-$Q5 -> 1 | L5: =SUMPRODUCT((ISNUMBER(SEARCH($Y4,Dienstplan!$B$8:$B$19))*(ISNUMBER(SEARCH($AB$12,Dienstplan!$C$8:$AG$19))))) -> 0 | M5: =SUMPRODUCT((ISNUMBER(SEARCH($Y4,Dienstplan!$B$8:$B$19))*(ISNUMBER(SEARCH($AB$13,Dienstplan!$C$8:$AG$19))))) -> 0 | N5: =SUMPRODUCT((ISNUMBER(SEARCH($Y4,Dienstplan!$B$8:$B$19))*(ISNUMBER(SEARCH($AB$14,Dienstplan!$C$8:$AG$19))))) -> 0 | O5: =SUMPRODUCT((ISNUMBER(SEARCH($Y4,Dienstplan!$B$8:$B$19))*(ISNUMBER(SEARCH($AB$15,Dienstplan!$C$8:$AG$19))))) -> 0 | P5: =SUMPRODUCT((ISNUMBER(SEARCH($Y4,Dienstplan!$B$8:$B$19))*(ISNUMBER(SEARCH($AB$16,Dienstplan!$C$8:$AG$19))))) -> 1 | Q5: =SUMPRODUCT((ISNUMBER(SEARCH($Y4,Dienstplan!$B$8:$B$19))*(ISNUMBER(SEARCH($AB$17,Dienstplan!$C$8:$AG$19))))) -> 0 | R5: =SUMPRODUCT((ISNUMBER(SEARCH($Y4,Dienstplan!$B$8:$B$19))*(ISNUMBER(SEARCH($AB$18,Dienstplan!$C$8:$AG$19))))) -> 0 | S5: =SUMPRODUCT((ISNUMBER(SEARCH($Y4,Dienstplan!$B$8:$B$19))*(ISNUMBER(SEARCH($AB$19,Dienstplan!$C$8:$AG$19))))) -> 2 | T5: =SUM($F$2*$Z4) -> 147 | U5: =SUM($C5*Frueh_1+$D5*Spaet_1+$E5*Nacht_1+$F5*Normal_1+$I5*Sonderd_1-$J5*Brue_H+$K5*Brue_H+$L5*EH_Kurs+$M5*Koor_taet+$N5*Sekre_1+$O5*Brue_H+$R5*Brue_H+$P5*Brue_H+$Q5*Brue_H+G5*Unt_I+H5*Unt_II) -> 155 | V5: =SUM($U5-$T5) -> 8 | W5: =V5+AA4 -> 8 | Y5: =B6 -> Jochim | Z5: 7 | AA5: 0 | AB5: SI | AC5: 7.5 | AD5: =SUM(Z5*30) -> 210
B6: =Dienstplan!B10 -> Jochim | C6: =SUMPRODUCT((ISNUMBER(SEARCH($Y5,Dienstplan!$B$8:$B$19))*(ISNUMBER(SEARCH($AB$3,Dienstplan!$C$8:$AG$19)))))-D6 -> 0 | D6: =SUMPRODUCT((ISNUMBER(SEARCH($Y5,Dienstplan!$B$8:$B$19))*(ISNUMBER(SEARCH($AB$4,Dienstplan!$C$8:$AG$19))))) -> 0 | E6: =SUMPRODUCT((ISNUMBER(SEARCH($Y5,Dienstplan!$B$8:$B$19))*(ISNUMBER(SEARCH($AB$5,Dienstplan!$C$8:$AG$19))))) -> 0 | F6: =SUMPRODUCT((ISNUMBER(SEARCH($Y5,Dienstplan!$B$8:$B$19))*(ISNUMBER(SEARCH($AB$6,Dienstplan!$C$8:$AG$19))))) -> 0 | G6: =SUMPRODUCT((ISNUMBER(SEARCH($Y5,Dienstplan!$B$8:$B$19))*(ISNUMBER(SEARCH(AB$7,Dienstplan!$C$8:$AG$19)))))-H6 -> 0 | H6: =SUMPRODUCT((ISNUMBER(SEARCH($Y5,Dienstplan!$B$8:$B$19))*(ISNUMBER(SEARCH(AB$8,Dienstplan!$C$8:$AG$19))))) -> 0 | I6: =SUMPRODUCT((ISNUMBER(SEARCH($Y5,Dienstplan!$B$8:$B$19))*(ISNUMBER(SEARCH($AB$9,Dienstplan!$C$8:$AG$19))))) -> 0 | J6: =SUMPRODUCT((ISNUMBER(SEARCH($Y5,Dienstplan!$B$8:$B$19))*(ISNUMBER(SEARCH($AB$10,Dienstplan!$C$8:$AG$19))))) -> 0 | K6: =SUMPRODUCT((ISNUMBER(SEARCH($Y5,Dienstplan!$B$8:$B$19))*(ISNUMBER(SEARCH($AB$11,Dienstplan!$C$8:$AG$19)))))-$Q6 -> 0 | L6: =SUMPRODUCT((ISNUMBER(SEARCH($Y5,Dienstplan!$B$8:$B$19))*(ISNUMBER(SEARCH($AB$12,Dienstplan!$C$8:$AG$19))))) -> 0 | M6: =SUMPRODUCT((ISNUMBER(SEARCH($Y5,Dienstplan!$B$8:$B$19))*(ISNUMBER(SEARCH($AB$13,Dienstplan!$C$8:$AG$19))))) -> 0 | N6: =SUMPRODUCT((ISNUMBER(SEARCH($Y5,Dienstplan!$B$8:$B$19))*(ISNUMBER(SEARCH($AB$14,Dienstplan!$C$8:$AG$19))))) -> 0 | O6: =SUMPRODUCT((ISNUMBER(SEARCH($Y5,Dienstplan!$B$8:$B$19))*(ISNUMBER(SEARCH($AB$15,Dienstplan!$C$8:$AG$19))))) -> 0 | P6: =SUMPRODUCT((ISNUMBER(SEARCH($Y5,Dienstplan!$B$8:$B$19))*(ISNUMBER(SEARCH($AB$16,Dienstplan!$C$8:$AG$19))))) -> 0 | Q6: =SUMPRODUCT((ISNUMBER(SEARCH($Y5,Dienstplan!$B$8:$B$19))*(ISNUMBER(SEARCH($AB$17,Dienstplan!$C$8:$AG$19))))) -> 0 | R6: =SUMPRODUCT((ISNUMBER(SEARCH($Y5,Dienstplan!$B$8:$B$19))*(ISNUMBER(SEARCH($AB$18,Dienstplan!$C$8:$AG$19))))) -> 0 | S6: =SUMPRODUCT((ISNUMBER(SEARCH($Y5,Dienstplan!$B$8:$B$19))*(ISNUMBER(SEARCH($AB$19,Dienstplan!$C$8:$AG$19))))) -> 0 | T6: =SUM($F$2*$Z5) -> 147 | U6: =SUM($C6*Frueh_1+$D6*Spaet_1+$E6*Nacht_1+$F6*Normal_1+$I6*Sonderd_1-$J6*Rath_M+$K6*Rath_M+$L6*EH_Kurs+$M6*Koor_taet+$N6*Sekre_1+$O6*Rath_M+$R6*Rath_M+$P6*Rath_M+$Q6*Rath_M+G6*Unt_I+H6*Unt_II) -> 0 | V6: =SUM($U6-$T6) -> -147 | W6: =V6+AA5 -> -147 | Y6: =B7 -> Wunsch | Z6: 8 | AA6: 0 | AB6: NI | AC6: 7.5 | AD6: =SUM(Z6*30) -> 240
B7: =Dienstplan!B11 -> Wunsch | C7: =SUMPRODUCT((ISNUMBER(SEARCH($Y6,Dienstplan!$B$8:$B$19))*(ISNUMBER(SEARCH($AB$3,Dienstplan!$C$8:$AG$19)))))-D7 -> 5 | D7: =SUMPRODUCT((ISNUMBER(SEARCH($Y6,Dienstplan!$B$8:$B$19))*(ISNUMBER(SEARCH($AB$4,Dienstplan!$C$8:$AG$19))))) -> 0 | E7: =SUMPRODUCT((ISNUMBER(SEARCH($Y6,Dienstplan!$B$8:$B$19))*(ISNUMBER(SEARCH($AB$5,Dienstplan!$C$8:$AG$19))))) -> 5 | F7: =SUMPRODUCT((ISNUMBER(SEARCH($Y6,Dienstplan!$B$8:$B$19))*(ISNUMBER(SEARCH($AB$6,Dienstplan!$C$8:$AG$19))))) -> 5 | G7: =SUMPRODUCT((ISNUMBER(SEARCH($Y6,Dienstplan!$B$8:$B$19))*(ISNUMBER(SEARCH(AB$7,Dienstplan!$C$8:$AG$19)))))-H7 -> 3 | H7: =SUMPRODUCT((ISNUMBER(SEARCH($Y6,Dienstplan!$B$8:$B$19))*(ISNUMBER(SEARCH(AB$8,Dienstplan!$C$8:$AG$19))))) -> 0 | I7: =SUMPRODUCT((ISNUMBER(SEARCH($Y6,Dienstplan!$B$8:$B$19))*(ISNUMBER(SEARCH($AB$9,Dienstplan!$C$8:$AG$19))))) -> 2 | J7: =SUMPRODUCT((ISNUMBER(SEARCH($Y6,Dienstplan!$B$8:$B$19))*(ISNUMBER(SEARCH($AB$10,Dienstplan!$C$8:$AG$19))))) -> 0 | K7: =SUMPRODUCT((ISNUMBER(SEARCH($Y6,Dienstplan!$B$8:$B$19))*(ISNUMBER(SEARCH($AB$11,Dienstplan!$C$8:$AG$19)))))-$Q7 -> 0 | L7: =SUMPRODUCT((ISNUMBER(SEARCH($Y6,Dienstplan!$B$8:$B$19))*(ISNUMBER(SEARCH($AB$12,Dienstplan!$C$8:$AG$19))))) -> 0 | M7: =SUMPRODUCT((ISNUMBER(SEARCH($Y6,Dienstplan!$B$8:$B$19))*(ISNUMBER(SEARCH($AB$13,Dienstplan!$C$8:$AG$19))))) -> 0 | N7: =SUMPRODUCT((ISNUMBER(SEARCH($Y6,Dienstplan!$B$8:$B$19))*(ISNUMBER(SEARCH($AB$14,Dienstplan!$C$8:$AG$19))))) -> 0 | O7: =SUMPRODUCT((ISNUMBER(SEARCH($Y6,Dienstplan!$B$8:$B$19))*(ISNUMBER(SEARCH($AB$15,Dienstplan!$C$8:$AG$19))))) -> 0 | P7: =SUMPRODUCT((ISNUMBER(SEARCH($Y6,Dienstplan!$B$8:$B$19))*(ISNUMBER(SEARCH($AB$16,Dienstplan!$C$8:$AG$19))))) -> 0 | Q7: =SUMPRODUCT((ISNUMBER(SEARCH($Y6,Dienstplan!$B$8:$B$19))*(ISNUMBER(SEARCH($AB$17,Dienstplan!$C$8:$AG$19))))) -> 0 | R7: =SUMPRODUCT((ISNUMBER(SEARCH($Y6,Dienstplan!$B$8:$B$19))*(ISNUMBER(SEARCH($AB$18,Dienstplan!$C$8:$AG$19))))) -> 0 | S7: =SUMPRODUCT((ISNUMBER(SEARCH($Y6,Dienstplan!$B$8:$B$19))*(ISNUMBER(SEARCH($AB$19,Dienstplan!$C$8:$AG$19))))) -> 1 | T7: =SUM($F$2*$Z6) -> 168 | U7: =SUM($C7*Frueh_1+$D7*Spaet_1+$E7*Nacht_1+$F7*Normal_1+$I7*Sonderd_1-$J7*Scho_K+$K7*Scho_K+$L7*EH_Kurs+$M7*Koor_taet+$N7*Sekre_1+$O7*Scho_K+$R7*Scho_K+$P7*Scho_K+$Q7*Scho_K+G7*Unt_I+H7*Unt_II) -> 149.25 | V7: =SUM($U7-$T7) -> -18.75 | W7: =V7+AA6 -> -18.75 | Y7: =B8 -> Göpfrich | Z7: 7 | AA7: 0 | AB7: DI | AC7: 8 | AD7: =SUM(Z7*30) -> 210
B8: =Dienstplan!B12 -> Göpfrich | C8: =SUMPRODUCT((ISNUMBER(SEARCH($Y7,Dienstplan!$B$8:$B$19))*(ISNUMBER(SEARCH($AB$3,Dienstplan!$C$8:$AG$19)))))-D8 -> 0 | D8: =SUMPRODUCT((ISNUMBER(SEARCH($Y7,Dienstplan!$B$8:$B$19))*(ISNUMBER(SEARCH($AB$4,Dienstplan!$C$8:$AG$19))))) -> 0 | E8: =SUMPRODUCT((ISNUMBER(SEARCH($Y7,Dienstplan!$B$8:$B$19))*(ISNUMBER(SEARCH($AB$5,Dienstplan!$C$8:$AG$19))))) -> 3 | F8: =SUMPRODUCT((ISNUMBER(SEARCH($Y7,Dienstplan!$B$8:$B$19))*(ISNUMBER(SEARCH($AB$6,Dienstplan!$C$8:$AG$19))))) -> 6 | G8: =SUMPRODUCT((ISNUMBER(SEARCH($Y7,Dienstplan!$B$8:$B$19))*(ISNUMBER(SEARCH(AB$7,Dienstplan!$C$8:$AG$19)))))-H8 -> 3 | H8: =SUMPRODUCT((ISNUMBER(SEARCH($Y7,Dienstplan!$B$8:$B$19))*(ISNUMBER(SEARCH(AB$8,Dienstplan!$C$8:$AG$19))))) -> 0 | I8: =SUMPRODUCT((ISNUMBER(SEARCH($Y7,Dienstplan!$B$8:$B$19))*(ISNUMBER(SEARCH($AB$9,Dienstplan!$C$8:$AG$19))))) -> 0 | J8: =SUMPRODUCT((ISNUMBER(SEARCH($Y7,Dienstplan!$B$8:$B$19))*(ISNUMBER(SEARCH($AB$10,Dienstplan!$C$8:$AG$19))))) -> 0 | K8: =SUMPRODUCT((ISNUMBER(SEARCH($Y7,Dienstplan!$B$8:$B$19))*(ISNUMBER(SEARCH($AB$11,Dienstplan!$C$8:$AG$19)))))-$Q8 -> 9 | L8: =SUMPRODUCT((ISNUMBER(SEARCH($Y7,Dienstplan!$B$8:$B$19))*(ISNUMBER(SEARCH($AB$12,Dienstplan!$C$8:$AG$19))))) -> 0 | M8: =SUMPRODUCT((ISNUMBER(SEARCH($Y7,Dienstplan!$B$8:$B$19))*(ISNUMBER(SEARCH($AB$13,Dienstplan!$C$8:$AG$19))))) -> 0 | N8: =SUMPRODUCT((ISNUMBER(SEARCH($Y7,Dienstplan!$B$8:$B$19))*(ISNUMBER(SEARCH($AB$14,Dienstplan!$C$8:$AG$19))))) -> 0 | O8: =SUMPRODUCT((ISNUMBER(SEARCH($Y7,Dienstplan!$B$8:$B$19))*(ISNUMBER(SEARCH($AB$15,Dienstplan!$C$8:$AG$19))))) -> 0 | P8: =SUMPRODUCT((ISNUMBER(SEARCH($Y7,Dienstplan!$B$8:$B$19))*(ISNUMBER(SEARCH($AB$16,Dienstplan!$C$8:$AG$19))))) -> 2 | Q8: =SUMPRODUCT((ISNUMBER(SEARCH($Y7,Dienstplan!$B$8:$B$19))*(ISNUMBER(SEARCH($AB$17,Dienstplan!$C$8:$AG$19))))) -> 0 | R8: =SUMPRODUCT((ISNUMBER(SEARCH($Y7,Dienstplan!$B$8:$B$19))*(ISNUMBER(SEARCH($AB$18,Dienstplan!$C$8:$AG$19))))) -> 0 | S8: =SUMPRODUCT((ISNUMBER(SEARCH($Y7,Dienstplan!$B$8:$B$19))*(ISNUMBER(SEARCH($AB$19,Dienstplan!$C$8:$AG$19))))) -> 0 | T8: =SUM($F$2*$Z7) -> 147 | U8: =SUM($C8*Frueh_1+$D8*Spaet_1+$E8*Nacht_1+$F8*Normal_1+$I8*Sonderd_1-$J8*Krie_B+$K8*Krie_B+$L8*EH_Kurs+$M8*Koor_taet+$N8*Sekre_1+$O8*Krie_B+$R8*Krie_B+$P8*Krie_B+$Q8*Krie_B+G8*Unt_I+H8*Unt_II) -> 168.5 | V8: =SUM($U8-$T8) -> 21.5 | W8: =V8+AA7 -> 21.5 | Y8: =B9 -> Zeller | Z8: 8 | AA8: 0 | AB8: DII | AC8: 8 | AD8: =SUM(Z8*30) -> 240
B9: =Dienstplan!B13 -> Zeller | C9: =SUMPRODUCT((ISNUMBER(SEARCH($Y8,Dienstplan!$B$8:$B$19))*(ISNUMBER(SEARCH($AB$3,Dienstplan!$C$8:$AG$19)))))-D9 -> 9 | D9: =SUMPRODUCT((ISNUMBER(SEARCH($Y8,Dienstplan!$B$8:$B$19))*(ISNUMBER(SEARCH($AB$4,Dienstplan!$C$8:$AG$19))))) -> 4 | E9: =SUMPRODUCT((ISNUMBER(SEARCH($Y8,Dienstplan!$B$8:$B$19))*(ISNUMBER(SEARCH($AB$5,Dienstplan!$C$8:$AG$19))))) -> 0 | F9: =SUMPRODUCT((ISNUMBER(SEARCH($Y8,Dienstplan!$B$8:$B$19))*(ISNUMBER(SEARCH($AB$6,Dienstplan!$C$8:$AG$19))))) -> 0 | G9: =SUMPRODUCT((ISNUMBER(SEARCH($Y8,Dienstplan!$B$8:$B$19))*(ISNUMBER(SEARCH(AB$7,Dienstplan!$C$8:$AG$19)))))-H9 -> 3 | H9: =SUMPRODUCT((ISNUMBER(SEARCH($Y8,Dienstplan!$B$8:$B$19))*(ISNUMBER(SEARCH(AB$8,Dienstplan!$C$8:$AG$19))))) -> 0 | I9: =SUMPRODUCT((ISNUMBER(SEARCH($Y8,Dienstplan!$B$8:$B$19))*(ISNUMBER(SEARCH($AB$9,Dienstplan!$C$8:$AG$19))))) -> 0 | J9: =SUMPRODUCT((ISNUMBER(SEARCH($Y8,Dienstplan!$B$8:$B$19))*(ISNUMBER(SEARCH($AB$10,Dienstplan!$C$8:$AG$19))))) -> 1 | K9: =SUMPRODUCT((ISNUMBER(SEARCH($Y8,Dienstplan!$B$8:$B$19))*(ISNUMBER(SEARCH($AB$11,Dienstplan!$C$8:$AG$19)))))-$Q9 -> 3 | L9: =SUMPRODUCT((ISNUMBER(SEARCH($Y8,Dienstplan!$B$8:$B$19))*(ISNUMBER(SEARCH($AB$12,Dienstplan!$C$8:$AG$19))))) -> 0 | M9: =SUMPRODUCT((ISNUMBER(SEARCH($Y8,Dienstplan!$B$8:$B$19))*(ISNUMBER(SEARCH($AB$13,Dienstplan!$C$8:$AG$19))))) -> 0 | N9: =SUMPRODUCT((ISNUMBER(SEARCH($Y8,Dienstplan!$B$8:$B$19))*(ISNUMBER(SEARCH($AB$14,Dienstplan!$C$8:$AG$19))))) -> 0 | O9: =SUMPRODUCT((ISNUMBER(SEARCH($Y8,Dienstplan!$B$8:$B$19))*(ISNUMBER(SEARCH($AB$15,Dienstplan!$C$8:$AG$19))))) -> 0 | P9: =SUMPRODUCT((ISNUMBER(SEARCH($Y8,Dienstplan!$B$8:$B$19))*(ISNUMBER(SEARCH($AB$16,Dienstplan!$C$8:$AG$19))))) -> 1 | Q9: =SUMPRODUCT((ISNUMBER(SEARCH($Y8,Dienstplan!$B$8:$B$19))*(ISNUMBER(SEARCH($AB$17,Dienstplan!$C$8:$AG$19))))) -> 0 | R9: =SUMPRODUCT((ISNUMBER(SEARCH($Y8,Dienstplan!$B$8:$B$19))*(ISNUMBER(SEARCH($AB$18,Dienstplan!$C$8:$AG$19))))) -> 0 | S9: =SUMPRODUCT((ISNUMBER(SEARCH($Y8,Dienstplan!$B$8:$B$19))*(ISNUMBER(SEARCH($AB$19,Dienstplan!$C$8:$AG$19))))) -> 1 | T9: =SUM($F$2*$Z8) -> 168 | U9: =SUM($C9*Frueh_1+$D9*Spaet_1+$E9*Nacht_1+$F9*Normal_1+$I9*Sonderd_1-$J9*Wuert_A+$K9*Wuert_A+$L9*EH_Kurs+$M9*Koor_taet+$N9*Sekre_1+$O9*Wuert_A+$R9*Wuert_A+$P9*Wuert_A+$Q9*Wuert_A+G9*Unt_I+H9*Unt_II) -> 143.25 | V9: =SUM($U9-$T9) -> -24.75 | W9: =V9+AA8 -> -24.75 | Y9: =B10 -> Behrendt | Z9: 7 | AA9: 0 | AB9: SD | AC9: 7 | AD9: =SUM(Z10*30) -> 96
B10: =Dienstplan!B14 -> Behrendt | C10: {=SUMPRODUCT((ISNUMBER(SEARCH($Y9,Dienstplan!$B$8:$B$19))*(ISNUMBER(SEARCH($AB$3,Dienstplan!$C$8:$AG$19)))))-D10} -> 0 | D10: {=SUMPRODUCT((ISNUMBER(SEARCH($Y9,Dienstplan!$B$8:$B$19))*(ISNUMBER(SEARCH($AB$4,Dienstplan!$C$8:$AG$19)))))} -> 0 | E10: {=SUMPRODUCT((ISNUMBER(SEARCH($Y9,Dienstplan!$B$8:$B$19))*(ISNUMBER(SEARCH($AB$5,Dienstplan!$C$8:$AG$19)))))} -> 0 | F10: {=SUMPRODUCT((ISNUMBER(SEARCH($Y9,Dienstplan!$B$8:$B$19))*(ISNUMBER(SEARCH($AB$6,Dienstplan!$C$8:$AG$19)))))} -> 0 | G10: {=SUMPRODUCT((ISNUMBER(SEARCH($Y9,Dienstplan!$B$8:$B$19))*(ISNUMBER(SEARCH(AB$7,Dienstplan!$C$8:$AG$19)))))-H10} -> 0 | H10: {=SUMPRODUCT((ISNUMBER(SEARCH($Y9,Dienstplan!$B$8:$B$19))*(ISNUMBER(SEARCH(AB$8,Dienstplan!$C$8:$AG$19)))))} -> 0 | I10: {=SUMPRODUCT((ISNUMBER(SEARCH($Y9,Dienstplan!$B$8:$B$19))*(ISNUMBER(SEARCH($AB$9,Dienstplan!$C$8:$AG$19)))))} -> 0 | J10: {=SUMPRODUCT((ISNUMBER(SEARCH($Y9,Dienstplan!$B$8:$B$19))*(ISNUMBER(SEARCH($AB$10,Dienstplan!$C$8:$AG$19)))))} -> 0 | K10: {=SUMPRODUCT((ISNUMBER(SEARCH($Y9,Dienstplan!$B$8:$B$19))*(ISNUMBER(SEARCH($AB$11,Dienstplan!$C$8:$AG$19)))))-$Q10} -> 0 | L10: {=SUMPRODUCT((ISNUMBER(SEARCH($Y9,Dienstplan!$B$8:$B$19))*(ISNUMBER(SEARCH($AB$12,Dienstplan!$C$8:$AG$19)))))} -> 0 | M10: {=SUMPRODUCT((ISNUMBER(SEARCH($Y9,Dienstplan!$B$8:$B$19))*(ISNUMBER(SEARCH($AB$13,Dienstplan!$C$8:$AG$19)))))} -> 0 | N10: {=SUMPRODUCT((ISNUMBER(SEARCH($Y9,Dienstplan!$B$8:$B$19))*(ISNUMBER(SEARCH($AB$14,Dienstplan!$C$8:$AG$19)))))} -> 0 | O10: {=SUMPRODUCT((ISNUMBER(SEARCH($Y9,Dienstplan!$B$8:$B$19))*(ISNUMBER(SEARCH($AB$15,Dienstplan!$C$8:$AG$19)))))} -> 0 | P10: {=SUMPRODUCT((ISNUMBER(SEARCH($Y9,Dienstplan!$B$8:$B$19))*(ISNUMBER(SEARCH($AB$16,Dienstplan!$C$8:$AG$19)))))} -> 0 | Q10: {=SUMPRODUCT((ISNUMBER(SEARCH($Y9,Dienstplan!$B$8:$B$19))*(ISNUMBER(SEARCH($AB$17,Dienstplan!$C$8:$AG$19)))))} -> 0 | R10: {=SUMPRODUCT((ISNUMBER(SEARCH($Y9,Dienstplan!$B$8:$B$19))*(ISNUMBER(SEARCH($AB$18,Dienstplan!$C$8:$AG$19)))))} -> 0 | S10: {=SUMPRODUCT((ISNUMBER(SEARCH($Y9,Dienstplan!$B$8:$B$19))*(ISNUMBER(SEARCH($AB$19,Dienstplan!$C$8:$AG$19)))))} -> 0 | T10: =SUM($F$2*$Z10) -> 67.2 | U10: =SUM($C10*Frueh_1+$D10*Spaet_1+$E10*Nacht_1+$F10*Normal_1+$I10*Sonderd_1-$J10*Wuert_A+$K10*Wuert_A+$L10*EH_Kurs+$M10*Koor_taet+$N10*Sekre_1+$O10*Wuert_A+$R10*Wuert_A+$P10*Wuert_A+$Q10*Wuert_A+G10*Unt_I+H10*Unt_II) -> 0 | V10: =SUM($U10-$T10) -> -67.2 | W10: =V10+AA9 -> -67.2 | Y10: =B11 -> Krempl | Z10: 3.2 | AA10: 0 | AB10: GT | AC10: IRTAZ | AD10: =SUM(Z11*30) -> 240
B11: =Dienstplan!B15 -> Krempl | C11: =SUMPRODUCT((ISNUMBER(SEARCH($Y10,Dienstplan!$B$8:$B$19))*(ISNUMBER(SEARCH($AB$3,Dienstplan!$C$8:$AG$19)))))-D11 -> 0 | D11: =SUMPRODUCT((ISNUMBER(SEARCH($Y10,Dienstplan!$B$8:$B$19))*(ISNUMBER(SEARCH($AB$4,Dienstplan!$C$8:$AG$19))))) -> 0 | E11: =SUMPRODUCT((ISNUMBER(SEARCH($Y10,Dienstplan!$B$8:$B$19))*(ISNUMBER(SEARCH($AB$5,Dienstplan!$C$8:$AG$19))))) -> 0 | F11: =SUMPRODUCT((ISNUMBER(SEARCH($Y10,Dienstplan!$B$8:$B$19))*(ISNUMBER(SEARCH($AB$6,Dienstplan!$C$8:$AG$19))))) -> 0 | G11: =SUMPRODUCT((ISNUMBER(SEARCH($Y10,Dienstplan!$B$8:$B$19))*(ISNUMBER(SEARCH(AB$7,Dienstplan!$C$8:$AG$19)))))-H11 -> 5 | H11: =SUMPRODUCT((ISNUMBER(SEARCH($Y10,Dienstplan!$B$8:$B$19))*(ISNUMBER(SEARCH(AB$8,Dienstplan!$C$8:$AG$19))))) -> 0 | I11: =SUMPRODUCT((ISNUMBER(SEARCH($Y10,Dienstplan!$B$8:$B$19))*(ISNUMBER(SEARCH($AB$9,Dienstplan!$C$8:$AG$19))))) -> 0 | J11: =SUMPRODUCT((ISNUMBER(SEARCH($Y10,Dienstplan!$B$8:$B$19))*(ISNUMBER(SEARCH($AB$10,Dienstplan!$C$8:$AG$19))))) -> 10 | K11: =SUMPRODUCT((ISNUMBER(SEARCH($Y10,Dienstplan!$B$8:$B$19))*(ISNUMBER(SEARCH($AB$11,Dienstplan!$C$8:$AG$19)))))-$Q11 -> 5 | L11: =SUMPRODUCT((ISNUMBER(SEARCH($Y10,Dienstplan!$B$8:$B$19))*(ISNUMBER(SEARCH($AB$12,Dienstplan!$C$8:$AG$19))))) -> 0 | M11: =SUMPRODUCT((ISNUMBER(SEARCH($Y10,Dienstplan!$B$8:$B$19))*(ISNUMBER(SEARCH($AB$13,Dienstplan!$C$8:$AG$19))))) -> 0 | N11: =SUMPRODUCT((ISNUMBER(SEARCH($Y10,Dienstplan!$B$8:$B$19))*(ISNUMBER(SEARCH($AB$14,Dienstplan!$C$8:$AG$19))))) -> 0 | O11: =SUMPRODUCT((ISNUMBER(SEARCH($Y10,Dienstplan!$B$8:$B$19))*(ISNUMBER(SEARCH($AB$15,Dienstplan!$C$8:$AG$19))))) -> 0 | P11: =SUMPRODUCT((ISNUMBER(SEARCH($Y10,Dienstplan!$B$8:$B$19))*(ISNUMBER(SEARCH($AB$16,Dienstplan!$C$8:$AG$19))))) -> 2 | Q11: =SUMPRODUCT((ISNUMBER(SEARCH($Y10,Dienstplan!$B$8:$B$19))*(ISNUMBER(SEARCH($AB$17,Dienstplan!$C$8:$AG$19))))) -> 0 | R11: =SUMPRODUCT((ISNUMBER(SEARCH($Y10,Dienstplan!$B$8:$B$19))*(ISNUMBER(SEARCH($AB$18,Dienstplan!$C$8:$AG$19))))) -> 0 | S11: =SUMPRODUCT((ISNUMBER(SEARCH($Y10,Dienstplan!$B$8:$B$19))*(ISNUMBER(SEARCH($AB$19,Dienstplan!$C$8:$AG$19))))) -> 0 | T11: =SUM($F$2*$Z10) -> 67.2 | U11: =SUM($C11*Frueh_1+$D11*Spaet_1+$E11*Nacht_1+$F11*Normal_1+$I11*Sonderd_1-$J11*Krem_E+$K11*Krem_E+$L11*EH_Kurs+$M11*Koor_taet+$N11*Sekre_1+$O11*Krem_E+$R11*Krem_E+$P11*Krem_E+$Q11*Krem_E+G11*Unt_I+H11*Unt_II) -> 30.4 | V11: =SUM($U11-$T11) -> -36.8 | W11: =V11+AA9 -> -36.8 | Y11: =B12 -> Putschler | Z11: 8 | AA11: 0 | AB11: U | AC11: IRTAZ | AD11: =SUM(Z12*30) -> 210
B12: =Dienstplan!B16 -> Putschler | C12: =SUMPRODUCT((ISNUMBER(SEARCH($Y11,Dienstplan!$B$8:$B$19))*(ISNUMBER(SEARCH($AB$3,Dienstplan!$C$8:$AG$19)))))-D12 -> 0 | D12: =SUMPRODUCT((ISNUMBER(SEARCH($Y11,Dienstplan!$B$8:$B$19))*(ISNUMBER(SEARCH($AB$4,Dienstplan!$C$8:$AG$19))))) -> 0 | E12: =SUMPRODUCT((ISNUMBER(SEARCH($Y11,Dienstplan!$B$8:$B$19))*(ISNUMBER(SEARCH($AB$5,Dienstplan!$C$8:$AG$19))))) -> 0 | F12: =SUMPRODUCT((ISNUMBER(SEARCH($Y11,Dienstplan!$B$8:$B$19))*(ISNUMBER(SEARCH($AB$6,Dienstplan!$C$8:$AG$19))))) -> 0 | G12: =SUMPRODUCT((ISNUMBER(SEARCH($Y11,Dienstplan!$B$8:$B$19))*(ISNUMBER(SEARCH(AB$7,Dienstplan!$C$8:$AG$19)))))-H12 -> 0 | H12: =SUMPRODUCT((ISNUMBER(SEARCH($Y11,Dienstplan!$B$8:$B$19))*(ISNUMBER(SEARCH(AB$8,Dienstplan!$C$8:$AG$19))))) -> 0 | I12: =SUMPRODUCT((ISNUMBER(SEARCH($Y11,Dienstplan!$B$8:$B$19))*(ISNUMBER(SEARCH($AB$9,Dienstplan!$C$8:$AG$19))))) -> 0 | J12: =SUMPRODUCT((ISNUMBER(SEARCH($Y11,Dienstplan!$B$8:$B$19))*(ISNUMBER(SEARCH($AB$10,Dienstplan!$C$8:$AG$19))))) -> 0 | K12: =SUMPRODUCT((ISNUMBER(SEARCH($Y11,Dienstplan!$B$8:$B$19))*(ISNUMBER(SEARCH($AB$11,Dienstplan!$C$8:$AG$19)))))-$Q12 -> 3 | L12: =SUMPRODUCT((ISNUMBER(SEARCH($Y11,Dienstplan!$B$8:$B$19))*(ISNUMBER(SEARCH($AB$12,Dienstplan!$C$8:$AG$19))))) -> 0 | M12: =SUMPRODUCT((ISNUMBER(SEARCH($Y11,Dienstplan!$B$8:$B$19))*(ISNUMBER(SEARCH($AB$13,Dienstplan!$C$8:$AG$19))))) -> 17 | N12: =SUMPRODUCT((ISNUMBER(SEARCH($Y11,Dienstplan!$B$8:$B$19))*(ISNUMBER(SEARCH($AB$14,Dienstplan!$C$8:$AG$19))))) -> 0 | O12: =SUMPRODUCT((ISNUMBER(SEARCH($Y11,Dienstplan!$B$8:$B$19))*(ISNUMBER(SEARCH($AB$15,Dienstplan!$C$8:$AG$19))))) -> 0 | P12: =SUMPRODUCT((ISNUMBER(SEARCH($Y11,Dienstplan!$B$8:$B$19))*(ISNUMBER(SEARCH($AB$16,Dienstplan!$C$8:$AG$19))))) -> 2 | Q12: =SUMPRODUCT((ISNUMBER(SEARCH($Y11,Dienstplan!$B$8:$B$19))*(ISNUMBER(SEARCH($AB$17,Dienstplan!$C$8:$AG$19))))) -> 0 | R12: =SUMPRODUCT((ISNUMBER(SEARCH($Y11,Dienstplan!$B$8:$B$19))*(ISNUMBER(SEARCH($AB$18,Dienstplan!$C$8:$AG$19))))) -> 0 | S12: =SUMPRODUCT((ISNUMBER(SEARCH($Y11,Dienstplan!$B$8:$B$19))*(ISNUMBER(SEARCH($AB$19,Dienstplan!$C$8:$AG$19))))) -> 0 | T12: =SUM($F$2*$Z11) -> 168 | U12: =SUM($C12*Frueh_1+$D12*Spaet_1+$E12*Nacht_1+$F12*Normal_1+$I12*Sonderd_1-$J12*Put_W+$K12*Put_W+$L12*EH_Kurs+$M12*Koor_taet+$N12*Sekre_1+$O12*Put_W+$R12*Put_W+$P12*Put_W+$Q12*Put_W+G12*Unt_I+H12*Unt_II) -> 176 | V12: =SUM($U12-$T12) -> 8 | W12: =V12+AA10 -> 8 | Y12: =B13 -> Schmidt | Z12: 7 | AA12: 0 | AB12: EH | AC12: 8 | AD12: =SUM(Z13*30) -> 90
B13: =Dienstplan!B18 -> Schmidt | C13: =SUMPRODUCT((ISNUMBER(SEARCH($Y12,Dienstplan!$B$8:$B$19))*(ISNUMBER(SEARCH($AB$3,Dienstplan!$C$8:$AG$19)))))-D13 -> 0 | D13: =SUMPRODUCT((ISNUMBER(SEARCH($Y12,Dienstplan!$B$8:$B$19))*(ISNUMBER(SEARCH($AB$4,Dienstplan!$C$8:$AG$19))))) -> 0 | E13: =SUMPRODUCT((ISNUMBER(SEARCH($Y12,Dienstplan!$B$8:$B$19))*(ISNUMBER(SEARCH($AB$5,Dienstplan!$C$8:$AG$19))))) -> 0 | F13: =SUMPRODUCT((ISNUMBER(SEARCH($Y12,Dienstplan!$B$8:$B$19))*(ISNUMBER(SEARCH($AB$6,Dienstplan!$C$8:$AG$19))))) -> 0 | G13: =SUMPRODUCT((ISNUMBER(SEARCH($Y12,Dienstplan!$B$8:$B$19))*(ISNUMBER(SEARCH(AB$7,Dienstplan!$C$8:$AG$19)))))-H13 -> 0 | H13: =SUMPRODUCT((ISNUMBER(SEARCH($Y12,Dienstplan!$B$8:$B$19))*(ISNUMBER(SEARCH(AB$8,Dienstplan!$C$8:$AG$19))))) -> 0 | I13: =SUMPRODUCT((ISNUMBER(SEARCH($Y12,Dienstplan!$B$8:$B$19))*(ISNUMBER(SEARCH($AB$9,Dienstplan!$C$8:$AG$19))))) -> 0 | J13: =SUMPRODUCT((ISNUMBER(SEARCH($Y12,Dienstplan!$B$8:$B$19))*(ISNUMBER(SEARCH($AB$10,Dienstplan!$C$8:$AG$19))))) -> 0 | K13: =SUMPRODUCT((ISNUMBER(SEARCH($Y12,Dienstplan!$B$8:$B$19))*(ISNUMBER(SEARCH($AB$11,Dienstplan!$C$8:$AG$19)))))-$Q13 -> 0 | L13: =SUMPRODUCT((ISNUMBER(SEARCH($Y12,Dienstplan!$B$8:$B$19))*(ISNUMBER(SEARCH($AB$12,Dienstplan!$C$8:$AG$19))))) -> 0 | M13: =SUMPRODUCT((ISNUMBER(SEARCH($Y12,Dienstplan!$B$8:$B$19))*(ISNUMBER(SEARCH($AB$13,Dienstplan!$C$8:$AG$19))))) -> 0 | N13: =SUMPRODUCT((ISNUMBER(SEARCH($Y12,Dienstplan!$B$8:$B$19))*(ISNUMBER(SEARCH($AB$14,Dienstplan!$C$8:$AG$19))))) -> 0 | O13: =SUMPRODUCT((ISNUMBER(SEARCH($Y12,Dienstplan!$B$8:$B$19))*(ISNUMBER(SEARCH($AB$15,Dienstplan!$C$8:$AG$19))))) -> 0 | P13: =SUMPRODUCT((ISNUMBER(SEARCH($Y12,Dienstplan!$B$8:$B$19))*(ISNUMBER(SEARCH($AB$16,Dienstplan!$C$8:$AG$19))))) -> 0 | Q13: =SUMPRODUCT((ISNUMBER(SEARCH($Y12,Dienstplan!$B$8:$B$19))*(ISNUMBER(SEARCH($AB$17,Dienstplan!$C$8:$AG$19))))) -> 0 | R13: =SUMPRODUCT((ISNUMBER(SEARCH($Y12,Dienstplan!$B$8:$B$19))*(ISNUMBER(SEARCH($AB$18,Dienstplan!$C$8:$AG$19))))) -> 0 | S13: =SUMPRODUCT((ISNUMBER(SEARCH($Y12,Dienstplan!$B$8:$B$19))*(ISNUMBER(SEARCH($AB$19,Dienstplan!$C$8:$AG$19))))) -> 0 | T13: =SUM($F$2*$Z12) -> 147 | U13: =SUM($C13*Frueh_1+$D13*Spaet_1+$E13*Nacht_1+$F13*Normal_1+$I13*Sonderd_1-$J13*Radi_L+$K13*Radi_L+$L13*EH_Kurs+$M13*Koor_taet+$N13*Sekre_1+$O13*Radi_L+$R13*Radi_L+$P13*Radi_L+$Q13*Radi_L+G13*Unt_I+H13*Unt_II) -> 0 | V13: =SUM($U13-$T13) -> -147 | W13: =V13+AA11 -> -147 | Y13: =B14 -> Radimersky | Z13: 3 | AA13: 0 | AB13: KT | AC13: 8 | AD13: =SUM(Z14*30) -> 0
B14: =Dienstplan!B19 -> Radimersky | C14: =SUMPRODUCT((ISNUMBER(SEARCH($Y13,Dienstplan!$B$8:$B$19))*(ISNUMBER(SEARCH($AB$3,Dienstplan!$C$8:$AG$19)))))-D14 -> 0 | D14: =SUMPRODUCT((ISNUMBER(SEARCH($Y13,Dienstplan!$B$8:$B$19))*(ISNUMBER(SEARCH($AB$4,Dienstplan!$C$8:$AG$19))))) -> 0 | E14: =SUMPRODUCT((ISNUMBER(SEARCH($Y13,Dienstplan!$B$8:$B$19))*(ISNUMBER(SEARCH($AB$5,Dienstplan!$C$8:$AG$19))))) -> 0 | F14: =SUMPRODUCT((ISNUMBER(SEARCH($Y13,Dienstplan!$B$8:$B$19))*(ISNUMBER(SEARCH($AB$6,Dienstplan!$C$8:$AG$19))))) -> 0 | G14: =SUMPRODUCT((ISNUMBER(SEARCH($Y13,Dienstplan!$B$8:$B$19))*(ISNUMBER(SEARCH(AB$7,Dienstplan!$C$8:$AG$19)))))-H14 -> 0 | H14: =SUMPRODUCT((ISNUMBER(SEARCH($Y13,Dienstplan!$B$8:$B$19))*(ISNUMBER(SEARCH(AB$8,Dienstplan!$C$8:$AG$19))))) -> 0 | I14: =SUMPRODUCT((ISNUMBER(SEARCH($Y13,Dienstplan!$B$8:$B$19))*(ISNUMBER(SEARCH($AB$9,Dienstplan!$C$8:$AG$19))))) -> 0 | J14: =SUMPRODUCT((ISNUMBER(SEARCH($Y13,Dienstplan!$B$8:$B$19))*(ISNUMBER(SEARCH($AB$10,Dienstplan!$C$8:$AG$19))))) -> 0 | K14: =SUMPRODUCT((ISNUMBER(SEARCH($Y13,Dienstplan!$B$8:$B$19))*(ISNUMBER(SEARCH($AB$11,Dienstplan!$C$8:$AG$19)))))-$Q14 -> 0 | L14: =SUMPRODUCT((ISNUMBER(SEARCH($Y13,Dienstplan!$B$8:$B$19))*(ISNUMBER(SEARCH($AB$12,Dienstplan!$C$8:$AG$19))))) -> 0 | M14: =SUMPRODUCT((ISNUMBER(SEARCH($Y13,Dienstplan!$B$8:$B$19))*(ISNUMBER(SEARCH($AB$13,Dienstplan!$C$8:$AG$19))))) -> 0 | N14: =SUMPRODUCT((ISNUMBER(SEARCH($Y13,Dienstplan!$B$8:$B$19))*(ISNUMBER(SEARCH($AB$14,Dienstplan!$C$8:$AG$19))))) -> 0 | O14: =SUMPRODUCT((ISNUMBER(SEARCH($Y13,Dienstplan!$B$8:$B$19))*(ISNUMBER(SEARCH($AB$15,Dienstplan!$C$8:$AG$19))))) -> 0 | P14: =SUMPRODUCT((ISNUMBER(SEARCH($Y13,Dienstplan!$B$8:$B$19))*(ISNUMBER(SEARCH($AB$16,Dienstplan!$C$8:$AG$19))))) -> 0 | Q14: =SUMPRODUCT((ISNUMBER(SEARCH($Y13,Dienstplan!$B$8:$B$19))*(ISNUMBER(SEARCH($AB$17,Dienstplan!$C$8:$AG$19))))) -> 0 | R14: =SUMPRODUCT((ISNUMBER(SEARCH($Y13,Dienstplan!$B$8:$B$19))*(ISNUMBER(SEARCH($AB$18,Dienstplan!$C$8:$AG$19))))) -> 0 | S14: =SUMPRODUCT((ISNUMBER(SEARCH($Y13,Dienstplan!$B$8:$B$19))*(ISNUMBER(SEARCH($AB$19,Dienstplan!$C$8:$AG$19))))) -> 0 | T14: =SUM($F$2*$Z13) -> 63 | U14: =SUM($C14*Frueh_1+$D14*Spaet_1+$E14*Nacht_1+$F14*Normal_1+$I14*Sonderd_1-$J14*Fortenb+$K14*Fortenb+$L14*EH_Kurs+$M14*Koor_taet+$N14*Sekre_1+$O14*Fortenb+$R14*Fortenb+$P14*Fortenb+$Q14*Fortenb+G14*Unt_I+H14*Unt_II) -> 0 | V14: =SUM($U14-$T14) -> -63 | W14: =V14+AA12 -> -63 | AB14: Sek | AC14: 7 | AD14: =SUM(Z14*30) -> 0
U15: =SUM($C15*Frueh_1+$D15*Spaet_1+$E15*Nacht_1+$F15*Normal_1+$I15*Sonderd_1-$J15*Velten+$K15*Velten+$L15*EH_Kurs+$M15*Koor_taet+$N15*Sekre_1+$O15*Velten+$R15*Velten+$P15*Velten+$Q15*Velten+G15*Unt_I+H15*Unt_II) -> 0 | AB15: Fobi | AC15: IRTAZ | AD15: =SUM(Z15*30) -> 0
B16: Summe | C16: =SUM(C4:C15) -> 20 | D16: =SUM(D4:D15) -> 13 | E16: =SUM(E4:E15) -> 18 | F16: =SUM(F4:F15) -> 17 | G16: =SUM(G4:G15) -> 16 | H16: =SUM(H4:H15) -> 0 | I16: =SUM(I4:I15) -> 2 | J16: =SUM(J4:J15) -> 12 | ... S16: =SUM(S4:S15) -> 4 | T16: =SUM(T4:T13) -> 1394.4 | U16: =SUM(U4:U13) -> 968.4 | AB16: A | AC16: IRTAZ | AD16: =SUM(AD3:AD10) -> 1686
AB17: Kur | AC17: IRTAZ
B18: Februar | D18: Arbeitstage | F18: 20 | I18: Samstage | K18: 4 | AB18: FZC | AC18: IRTAZ
C19: =Jahr!C3 -> FI | D19: =Jahr!D3 -> FII | E19: =Jahr!E3 -> SI | F19: =Jahr!F3 -> NI | G19: =Jahr!G3 -> DI | H19: =Jahr!H3 -> DII | I19: =Jahr!I3 -> SD | J19: =Jahr!J3 -> GT | ... S19: =Jahr!S3 -> NST | T19: Soll AZ | U19: Ist AZ | V19: Differenz | W19: Gesamt | AB19: NST | AC19: IRTAZ
B20: =B4 -> Breig | C20: =SUMPRODUCT((ISNUMBER(SEARCH($Y3,Dienstplan!$B$8:$B$19))*(ISNUMBER(SEARCH($AB$3,Dienstplan!$AH$8:$BJ$19)))))-D20 -> 6 | D20: =SUMPRODUCT((ISNUMBER(SEARCH($Y3,Dienstplan!$B$8:$B$19))*(ISNUMBER(SEARCH($AB$4,Dienstplan!$AH$8:$BJ$19))))) -> 2 | E20: =SUMPRODUCT((ISNUMBER(SEARCH($Y3,Dienstplan!$B$8:$B$19))*(ISNUMBER(SEARCH($AB$5,Dienstplan!$AH$8:$BJ$19))))) -> 5 | F20: =SUMPRODUCT((ISNUMBER(SEARCH($Y3,Dienstplan!$B$8:$B$19))*(ISNUMBER(SEARCH($AB$6,Dienstplan!$AH$8:$BJ$19))))) -> 5 | G20: =SUMPRODUCT((ISNUMBER(SEARCH($Y3,Dienstplan!$B$8:$B$19))*(ISNUMBER(SEARCH($AB$7,Dienstplan!$AH$8:$BJ$19)))))-H20 -> 1 | H20: =SUMPRODUCT((ISNUMBER(SEARCH($Y3,Dienstplan!$B$8:$B$19))*(ISNUMBER(SEARCH($AB$8,Dienstplan!$AH$8:$BJ$19))))) -> 0 | I20: =SUMPRODUCT((ISNUMBER(SEARCH($Y3,Dienstplan!$B$8:$B$19))*(ISNUMBER(SEARCH($AB$9,Dienstplan!$AH$8:$BJ$19))))) -> 0 | J20: =SUMPRODUCT((ISNUMBER(SEARCH($Y3,Dienstplan!$B$8:$B$19))*(ISNUMBER(SEARCH($AB$10,Dienstplan!$AH$8:$BJ$19))))) -> 0 | K20: =SUMPRODUCT((ISNUMBER(SEARCH($Y3,Dienstplan!$B$8:$B$19))*(ISNUMBER(SEARCH($AB$11,Dienstplan!$AH$8:$BJ$19)))))-$Q20 -> 0 | L20: =SUMPRODUCT((ISNUMBER(SEARCH($Y3,Dienstplan!$B$8:$B$19))*(ISNUMBER(SEARCH($AB$12,Dienstplan!$AH$8:$BJ$19))))) -> 1 | M20: =SUMPRODUCT((ISNUMBER(SEARCH($Y3,Dienstplan!$B$8:$B$19))*(ISNUMBER(SEARCH($AB$13,Dienstplan!$AH$8:$BJ$19))))) -> 0 | N20: =SUMPRODUCT((ISNUMBER(SEARCH($Y3,Dienstplan!$B$8:$B$19))*(ISNUMBER(SEARCH($AB$14,Dienstplan!$AH$8:$BJ$19))))) -> 0 | O20: =SUMPRODUCT((ISNUMBER(SEARCH($Y3,Dienstplan!$B$8:$B$19))*(ISNUMBER(SEARCH($AB$15,Dienstplan!$AH$8:$BJ$19))))) -> 0 | P20: =SUMPRODUCT((ISNUMBER(SEARCH($Y3,Dienstplan!$B$8:$B$19))*(ISNUMBER(SEARCH($AB$16,Dienstplan!$AH$8:$BJ$19))))) -> 0 | Q20: =SUMPRODUCT((ISNUMBER(SEARCH($Y3,Dienstplan!$B$8:$B$19))*(ISNUMBER(SEARCH($AB$17,Dienstplan!$AH$8:$BJ$19))))) -> 0 | R20: =SUMPRODUCT((ISNUMBER(SEARCH($Y3,Dienstplan!$B$8:$B$19))*(ISNUMBER(SEARCH($AB$18,Dienstplan!$AH$8:$BJ$19))))) -> 0 | S20: =SUMPRODUCT((ISNUMBER(SEARCH($Y3,Dienstplan!$B$8:$B$19))*(ISNUMBER(SEARCH($AB$19,Dienstplan!$AH$8:$BJ$19))))) -> 1 | T20: =SUM($F$18*$Z3) -> 160 | U20: =SUM($C20*Frueh_1+$D20*Spaet_1+$E20*Nacht_1+$F20*Normal_1+$I20*Sonderd_1-$J20*Velten+$K20*Velten+$L20*EH_Kurs+$M20*Koor_taet+$N20*Sekre_1+$O20*Velten+$R20*Velten+$P20*Velten+$Q20*Velten+G20*Velt_M+H20*Velt_M) -> 149.5 | V20: =SUM($U20-$T20) -> -10.5 | W20: =V20+W4 -> -32.5
B21: =B5 -> Siebert | C21: =SUMPRODUCT((ISNUMBER(SEARCH($Y4,Dienstplan!$B$8:$B$19))*(ISNUMBER(SEARCH($AB$3,Dienstplan!$AH$8:$BJ$19)))))-D21 -> 1 | D21: =SUMPRODUCT((ISNUMBER(SEARCH($Y4,Dienstplan!$B$8:$B$19))*(ISNUMBER(SEARCH($AB$4,Dienstplan!$AH$8:$BJ$19))))) -> 2 | E21: =SUMPRODUCT((ISNUMBER(SEARCH($Y4,Dienstplan!$B$8:$B$19))*(ISNUMBER(SEARCH($AB$5,Dienstplan!$AH$8:$BJ$19))))) -> 5 | F21: =SUMPRODUCT((ISNUMBER(SEARCH($Y4,Dienstplan!$B$8:$B$19))*(ISNUMBER(SEARCH($AB$6,Dienstplan!$AH$8:$BJ$19))))) -> 11 | G21: =SUMPRODUCT((ISNUMBER(SEARCH($Y4,Dienstplan!$B$8:$B$19))*(ISNUMBER(SEARCH($AB$7,Dienstplan!$AH$8:$BJ$19)))))-H21 -> 0 | H21: =SUMPRODUCT((ISNUMBER(SEARCH($Y4,Dienstplan!$B$8:$B$19))*(ISNUMBER(SEARCH($AB$8,Dienstplan!$AH$8:$BJ$19))))) -> 0 | I21: =SUMPRODUCT((ISNUMBER(SEARCH($Y4,Dienstplan!$B$8:$B$19))*(ISNUMBER(SEARCH($AB$9,Dienstplan!$AH$8:$BJ$19))))) -> 0 | J21: =SUMPRODUCT((ISNUMBER(SEARCH($Y4,Dienstplan!$B$8:$B$19))*(ISNUMBER(SEARCH($AB$10,Dienstplan!$AH$8:$BJ$19))))) -> 0 | K21: =SUMPRODUCT((ISNUMBER(SEARCH($Y4,Dienstplan!$B$8:$B$19))*(ISNUMBER(SEARCH($AB$11,Dienstplan!$AH$8:$BJ$19)))))-$Q21 -> 2 | L21: =SUMPRODUCT((ISNUMBER(SEARCH($Y4,Dienstplan!$B$8:$B$19))*(ISNUMBER(SEARCH($AB$12,Dienstplan!$AH$8:$BJ$19))))) -> 0 | M21: =SUMPRODUCT((ISNUMBER(SEARCH($Y4,Dienstplan!$B$8:$B$19))*(ISNUMBER(SEARCH($AB$13,Dienstplan!$AH$8:$BJ$19))))) -> 0 | N21: =SUMPRODUCT((ISNUMBER(SEARCH($Y4,Dienstplan!$B$8:$B$19))*(ISNUMBER(SEARCH($AB$14,Dienstplan!$AH$8:$BJ$19))))) -> 0 | O21: =SUMPRODUCT((ISNUMBER(SEARCH($Y4,Dienstplan!$B$8:$B$19))*(ISNUMBER(SEARCH($AB$15,Dienstplan!$AH$8:$BJ$19))))) -> 0 | P21: =SUMPRODUCT((ISNUMBER(SEARCH($Y4,Dienstplan!$B$8:$B$19))*(ISNUMBER(SEARCH($AB$16,Dienstplan!$AH$8:$BJ$19))))) -> 0 | Q21: =SUMPRODUCT((ISNUMBER(SEARCH($Y4,Dienstplan!$B$8:$B$19))*(ISNUMBER(SEARCH($AB$17,Dienstplan!$AH$8:$BJ$19))))) -> 0 | R21: =SUMPRODUCT((ISNUMBER(SEARCH($Y4,Dienstplan!$B$8:$B$19))*(ISNUMBER(SEARCH($AB$18,Dienstplan!$AH$8:$BJ$19))))) -> 0 | S21: =SUMPRODUCT((ISNUMBER(SEARCH($Y4,Dienstplan!$B$8:$B$19))*(ISNUMBER(SEARCH($AB$19,Dienstplan!$AH$8:$BJ$19))))) -> 1 | T21: =SUM($F$18*$Z4) -> 140 | U21: =SUM($C21*Frueh_1+$D21*Spaet_1+$E21*Nacht_1+$F21*Normal_1+$I21*Sonderd_1-$J21*Brue_H+$K21*Brue_H+$L21*EH_Kurs+$M21*Koor_taet+$N21*Sekre_1+$O21*Brue_H+$R21*Brue_H+$P21*Brue_H+$Q21*Brue_H+G21*Brue_H+H21*Brue_H) -> 156.25 | V21: =SUM($U21-$T21) -> 16.25 | W21: =V21+W5 -> 24.25 | Y21: Arbeitszeit Jahr Soll Ist alle MA
B22: =B6 -> Jochim | C22: =SUMPRODUCT((ISNUMBER(SEARCH($Y5,Dienstplan!$B$8:$B$19))*(ISNUMBER(SEARCH($AB$3,Dienstplan!$AH$8:$BJ$19)))))-D22 -> 0 | D22: =SUMPRODUCT((ISNUMBER(SEARCH($Y5,Dienstplan!$B$8:$B$19))*(ISNUMBER(SEARCH($AB$4,Dienstplan!$AH$8:$BJ$19))))) -> 0 | E22: =SUMPRODUCT((ISNUMBER(SEARCH($Y5,Dienstplan!$B$8:$B$19))*(ISNUMBER(SEARCH($AB$5,Dienstplan!$AH$8:$BJ$19))))) -> 0 | F22: =SUMPRODUCT((ISNUMBER(SEARCH($Y5,Dienstplan!$B$8:$B$19))*(ISNUMBER(SEARCH($AB$6,Dienstplan!$AH$8:$BJ$19))))) -> 0 | G22: =SUMPRODUCT((ISNUMBER(SEARCH($Y5,Dienstplan!$B$8:$B$19))*(ISNUMBER(SEARCH($AB$7,Dienstplan!$AH$8:$BJ$19)))))-H22 -> 3 | H22: =SUMPRODUCT((ISNUMBER(SEARCH($Y5,Dienstplan!$B$8:$B$19))*(ISNUMBER(SEARCH($AB$8,Dienstplan!$AH$8:$BJ$19))))) -> 0 | I22: =SUMPRODUCT((ISNUMBER(SEARCH($Y5,Dienstplan!$B$8:$B$19))*(ISNUMBER(SEARCH($AB$9,Dienstplan!$AH$8:$BJ$19))))) -> 0 | J22: =SUMPRODUCT((ISNUMBER(SEARCH($Y5,Dienstplan!$B$8:$B$19))*(ISNUMBER(SEARCH($AB$10,Dienstplan!$AH$8:$BJ$19))))) -> 0 | K22: =SUMPRODUCT((ISNUMBER(SEARCH($Y5,Dienstplan!$B$8:$B$19))*(ISNUMBER(SEARCH($AB$11,Dienstplan!$AH$8:$BJ$19)))))-$Q22 -> 0 | L22: =SUMPRODUCT((ISNUMBER(SEARCH($Y5,Dienstplan!$B$8:$B$19))*(ISNUMBER(SEARCH($AB$12,Dienstplan!$AH$8:$BJ$19))))) -> 0 | M22: =SUMPRODUCT((ISNUMBER(SEARCH($Y5,Dienstplan!$B$8:$B$19))*(ISNUMBER(SEARCH($AB$13,Dienstplan!$AH$8:$BJ$19))))) -> 0 | N22: =SUMPRODUCT((ISNUMBER(SEARCH($Y5,Dienstplan!$B$8:$B$19))*(ISNUMBER(SEARCH($AB$14,Dienstplan!$AH$8:$BJ$19))))) -> 0 | O22: =SUMPRODUCT((ISNUMBER(SEARCH($Y5,Dienstplan!$B$8:$B$19))*(ISNUMBER(SEARCH($AB$15,Dienstplan!$AH$8:$BJ$19))))) -> 0 | P22: =SUMPRODUCT((ISNUMBER(SEARCH($Y5,Dienstplan!$B$8:$B$19))*(ISNUMBER(SEARCH($AB$16,Dienstplan!$AH$8:$BJ$19))))) -> 0 | Q22: =SUMPRODUCT((ISNUMBER(SEARCH($Y5,Dienstplan!$B$8:$B$19))*(ISNUMBER(SEARCH($AB$17,Dienstplan!$AH$8:$BJ$19))))) -> 0 | R22: =SUMPRODUCT((ISNUMBER(SEARCH($Y5,Dienstplan!$B$8:$B$19))*(ISNUMBER(SEARCH($AB$18,Dienstplan!$AH$8:$BJ$19))))) -> 0 | S22: =SUMPRODUCT((ISNUMBER(SEARCH($Y5,Dienstplan!$B$8:$B$19))*(ISNUMBER(SEARCH($AB$19,Dienstplan!$AH$8:$BJ$19))))) -> 0 | T22: =SUM($F$18*$Z5) -> 140 | U22: =SUM($C22*Frueh_1+$D22*Spaet_1+$E22*Nacht_1+$F22*Normal_1+$I22*Sonderd_1-$J22*Rath_M+$K22*Rath_M+$L22*EH_Kurs+$M22*Koor_taet+$N22*Sekre_1+$O22*Rath_M+$R22*Rath_M+$P22*Rath_M+$Q22*Rath_M+G22*Rath_M+H22*Rath_M) -> 21 | V22: =SUM($U22-$T22) -> -119 | W22: =V22+W6 -> -266 | Y22: Soll | AA22: =$T$16+$T$32+$T$48+$T$64+$T$80+$T$96 -> 7840.8
B23: =B7 -> Wunsch | C23: =SUMPRODUCT((ISNUMBER(SEARCH($Y6,Dienstplan!$B$8:$B$19))*(ISNUMBER(SEARCH($AB$3,Dienstplan!$AH$8:$BJ$19)))))-D23 -> 2 | D23: =SUMPRODUCT((ISNUMBER(SEARCH($Y6,Dienstplan!$B$8:$B$19))*(ISNUMBER(SEARCH($AB$4,Dienstplan!$AH$8:$BJ$19))))) -> 2 | E23: =SUMPRODUCT((ISNUMBER(SEARCH($Y6,Dienstplan!$B$8:$B$19))*(ISNUMBER(SEARCH($AB$5,Dienstplan!$AH$8:$BJ$19))))) -> 0 | F23: =SUMPRODUCT((ISNUMBER(SEARCH($Y6,Dienstplan!$B$8:$B$19))*(ISNUMBER(SEARCH($AB$6,Dienstplan!$AH$8:$BJ$19))))) -> 5 | G23: =SUMPRODUCT((ISNUMBER(SEARCH($Y6,Dienstplan!$B$8:$B$19))*(ISNUMBER(SEARCH($AB$7,Dienstplan!$AH$8:$BJ$19)))))-H23 -> 1 | H23: =SUMPRODUCT((ISNUMBER(SEARCH($Y6,Dienstplan!$B$8:$B$19))*(ISNUMBER(SEARCH($AB$8,Dienstplan!$AH$8:$BJ$19))))) -> 0 | I23: =SUMPRODUCT((ISNUMBER(SEARCH($Y6,Dienstplan!$B$8:$B$19))*(ISNUMBER(SEARCH($AB$9,Dienstplan!$AH$8:$BJ$19))))) -> 3 | J23: =SUMPRODUCT((ISNUMBER(SEARCH($Y6,Dienstplan!$B$8:$B$19))*(ISNUMBER(SEARCH($AB$10,Dienstplan!$AH$8:$BJ$19))))) -> 0 | K23: =SUMPRODUCT((ISNUMBER(SEARCH($Y6,Dienstplan!$B$8:$B$19))*(ISNUMBER(SEARCH($AB$11,Dienstplan!$AH$8:$BJ$19)))))-$Q23 -> 2 | L23: =SUMPRODUCT((ISNUMBER(SEARCH($Y6,Dienstplan!$B$8:$B$19))*(ISNUMBER(SEARCH($AB$12,Dienstplan!$AH$8:$BJ$19))))) -> 2 | M23: =SUMPRODUCT((ISNUMBER(SEARCH($Y6,Dienstplan!$B$8:$B$19))*(ISNUMBER(SEARCH($AB$13,Dienstplan!$AH$8:$BJ$19))))) -> 0 | N23: =SUMPRODUCT((ISNUMBER(SEARCH($Y6,Dienstplan!$B$8:$B$19))*(ISNUMBER(SEARCH($AB$14,Dienstplan!$AH$8:$BJ$19))))) -> 0 | O23: =SUMPRODUCT((ISNUMBER(SEARCH($Y6,Dienstplan!$B$8:$B$19))*(ISNUMBER(SEARCH($AB$15,Dienstplan!$AH$8:$BJ$19))))) -> 2 | P23: =SUMPRODUCT((ISNUMBER(SEARCH($Y6,Dienstplan!$B$8:$B$19))*(ISNUMBER(SEARCH($AB$16,Dienstplan!$AH$8:$BJ$19))))) -> 0 | Q23: =SUMPRODUCT((ISNUMBER(SEARCH($Y6,Dienstplan!$B$8:$B$19))*(ISNUMBER(SEARCH($AB$17,Dienstplan!$AH$8:$BJ$19))))) -> 0 | R23: =SUMPRODUCT((ISNUMBER(SEARCH($Y6,Dienstplan!$B$8:$B$19))*(ISNUMBER(SEARCH($AB$18,Dienstplan!$AH$8:$BJ$19))))) -> 0 | S23: =SUMPRODUCT((ISNUMBER(SEARCH($Y6,Dienstplan!$B$8:$B$19))*(ISNUMBER(SEARCH($AB$19,Dienstplan!$AH$8:$BJ$19))))) -> 1 | T23: =SUM($F$18*$Z6) -> 160 | U23: =SUM($C23*Frueh_1+$D23*Spaet_1+$E23*Nacht_1+$F23*Normal_1+$I23*Sonderd_1-$J23*Scho_K+$K23*Scho_K+$L23*EH_Kurs+$M23*Koor_taet+$N23*Sekre_1+$O23*Scho_K+$R23*Scho_K+$P23*Scho_K+$Q23*Scho_K+G23*Scho_K+H23*Scho_K) -> 144 | V23: =SUM($U23-$T23) -> -16 | W23: =V23+W7 -> -34.75 | Y23: Ist | AA23: =$U$16+$U$32+$U$48+$U$64+$U$80+$U$96 -> 4300.25
B24: =B8 -> Göpfrich | C24: =SUMPRODUCT((ISNUMBER(SEARCH($Y7,Dienstplan!$B$8:$B$19))*(ISNUMBER(SEARCH($AB$3,Dienstplan!$AH$8:$BJ$19)))))-D24 -> 5 | D24: =SUMPRODUCT((ISNUMBER(SEARCH($Y7,Dienstplan!$B$8:$B$19))*(ISNUMBER(SEARCH($AB$4,Dienstplan!$AH$8:$BJ$19))))) -> 0 | E24: =SUMPRODUCT((ISNUMBER(SEARCH($Y7,Dienstplan!$B$8:$B$19))*(ISNUMBER(SEARCH($AB$5,Dienstplan!$AH$8:$BJ$19))))) -> 5 | F24: =SUMPRODUCT((ISNUMBER(SEARCH($Y7,Dienstplan!$B$8:$B$19))*(ISNUMBER(SEARCH($AB$6,Dienstplan!$AH$8:$BJ$19))))) -> 1 | G24: =SUMPRODUCT((ISNUMBER(SEARCH($Y7,Dienstplan!$B$8:$B$19))*(ISNUMBER(SEARCH($AB$7,Dienstplan!$AH$8:$BJ$19)))))-H24 -> 2 | H24: =SUMPRODUCT((ISNUMBER(SEARCH($Y7,Dienstplan!$B$8:$B$19))*(ISNUMBER(SEARCH($AB$8,Dienstplan!$AH$8:$BJ$19))))) -> 0 | I24: =SUMPRODUCT((ISNUMBER(SEARCH($Y7,Dienstplan!$B$8:$B$19))*(ISNUMBER(SEARCH($AB$9,Dienstplan!$AH$8:$BJ$19))))) -> 2 | J24: =SUMPRODUCT((ISNUMBER(SEARCH($Y7,Dienstplan!$B$8:$B$19))*(ISNUMBER(SEARCH($AB$10,Dienstplan!$AH$8:$BJ$19))))) -> 2 | K24: =SUMPRODUCT((ISNUMBER(SEARCH($Y7,Dienstplan!$B$8:$B$19))*(ISNUMBER(SEARCH($AB$11,Dienstplan!$AH$8:$BJ$19)))))-$Q24 -> 2 | L24: =SUMPRODUCT((ISNUMBER(SEARCH($Y7,Dienstplan!$B$8:$B$19))*(ISNUMBER(SEARCH($AB$12,Dienstplan!$AH$8:$BJ$19))))) -> 0 | M24: =SUMPRODUCT((ISNUMBER(SEARCH($Y7,Dienstplan!$B$8:$B$19))*(ISNUMBER(SEARCH($AB$13,Dienstplan!$AH$8:$BJ$19))))) -> 0 | N24: =SUMPRODUCT((ISNUMBER(SEARCH($Y7,Dienstplan!$B$8:$B$19))*(ISNUMBER(SEARCH($AB$14,Dienstplan!$AH$8:$BJ$19))))) -> 0 | O24: =SUMPRODUCT((ISNUMBER(SEARCH($Y7,Dienstplan!$B$8:$B$19))*(ISNUMBER(SEARCH($AB$15,Dienstplan!$AH$8:$BJ$19))))) -> 2 | P24: =SUMPRODUCT((ISNUMBER(SEARCH($Y7,Dienstplan!$B$8:$B$19))*(ISNUMBER(SEARCH($AB$16,Dienstplan!$AH$8:$BJ$19))))) -> 0 | Q24: =SUMPRODUCT((ISNUMBER(SEARCH($Y7,Dienstplan!$B$8:$B$19))*(ISNUMBER(SEARCH($AB$17,Dienstplan!$AH$8:$BJ$19))))) -> 0 | R24: =SUMPRODUCT((ISNUMBER(SEARCH($Y7,Dienstplan!$B$8:$B$19))*(ISNUMBER(SEARCH($AB$18,Dienstplan!$AH$8:$BJ$19))))) -> 0 | S24: =SUMPRODUCT((ISNUMBER(SEARCH($Y7,Dienstplan!$B$8:$B$19))*(ISNUMBER(SEARCH($AB$19,Dienstplan!$AH$8:$BJ$19))))) -> 1 | T24: =SUM($F$18*$Z7) -> 140 | U24: =SUM($C24*Frueh_1+$D24*Spaet_1+$E24*Nacht_1+$F24*Normal_1+$I24*Sonderd_1-$J24*Krie_B+$K24*Krie_B+$L24*EH_Kurs+$M24*Koor_taet+$N24*Sekre_1+$O24*Krie_B+$R24*Krie_B+$P24*Krie_B+$Q24*Krie_B+G24*Krie_B+H24*Krie_B) -> 123.25 | V24: =SUM($U24-$T24) -> -16.75 | W24: =V24+W8 -> 4.75 | Y24: Differenz | AA24: =AA23-AA22 -> -3540.55
B25: =B9 -> Zeller | C25: {=SUMPRODUCT((ISNUMBER(SEARCH(Y8,Dienstplan!$B$8:$B$19))*(ISNUMBER(SEARCH($AB$3,Dienstplan!$AH$8:$BJ$19)))))-D25} -> 9 | D25: {=SUMPRODUCT((ISNUMBER(SEARCH(Y8,Dienstplan!$B$8:$B$19))*(ISNUMBER(SEARCH($AB$4,Dienstplan!$AH$8:$BJ$19)))))} -> 0 | E25: {=SUMPRODUCT((ISNUMBER(SEARCH(Y8,Dienstplan!$B$8:$B$19))*(ISNUMBER(SEARCH($AB$5,Dienstplan!$AH$8:$BJ$19)))))} -> 5 | F25: {=SUMPRODUCT((ISNUMBER(SEARCH(Y8,Dienstplan!$B$8:$B$19))*(ISNUMBER(SEARCH($AB$6,Dienstplan!$AH$8:$BJ$19)))))} -> 5 | G25: {=SUMPRODUCT((ISNUMBER(SEARCH(Y8,Dienstplan!$B$8:$B$19))*(ISNUMBER(SEARCH($AB$7,Dienstplan!$AH$8:$BJ$19)))))-H25} -> 0 | H25: {=SUMPRODUCT((ISNUMBER(SEARCH(Y8,Dienstplan!$B$8:$B$19))*(ISNUMBER(SEARCH($AB$8,Dienstplan!$AH$8:$BJ$19)))))} -> 0 | I25: {=SUMPRODUCT((ISNUMBER(SEARCH(Y8,Dienstplan!$B$8:$B$19))*(ISNUMBER(SEARCH($AB$9,Dienstplan!$AH$8:$BJ$19)))))} -> 0 | J25: {=SUMPRODUCT((ISNUMBER(SEARCH(Y8,Dienstplan!$B$8:$B$19))*(ISNUMBER(SEARCH($AB$10,Dienstplan!$AH$8:$BJ$19)))))} -> 1 | K25: {=SUMPRODUCT((ISNUMBER(SEARCH(Y8,Dienstplan!$B$8:$B$19))*(ISNUMBER(SEARCH($AB$11,Dienstplan!$AH$8:$BJ$19)))))-$Q25} -> 0 | L25: {=SUMPRODUCT((ISNUMBER(SEARCH(Y8,Dienstplan!$B$8:$B$19))*(ISNUMBER(SEARCH($AB$12,Dienstplan!$AH$8:$BJ$19)))))} -> 0 | M25: {=SUMPRODUCT((ISNUMBER(SEARCH(Y8,Dienstplan!$B$8:$B$19))*(ISNUMBER(SEARCH($AB$13,Dienstplan!$AH$8:$BJ$19)))))} -> 0 | N25: {=SUMPRODUCT((ISNUMBER(SEARCH(Y8,Dienstplan!$B$8:$B$19))*(ISNUMBER(SEARCH($AB$14,Dienstplan!$AH$8:$BJ$19)))))} -> 0 | O25: {=SUMPRODUCT((ISNUMBER(SEARCH(Y8,Dienstplan!$B$8:$B$19))*(ISNUMBER(SEARCH($AB$15,Dienstplan!$AH$8:$BJ$19)))))} -> 0 | P25: {=SUMPRODUCT((ISNUMBER(SEARCH(Y8,Dienstplan!$B$8:$B$19))*(ISNUMBER(SEARCH($AB$16,Dienstplan!$AH$8:$BJ$19)))))} -> 0 | Q25: {=SUMPRODUCT((ISNUMBER(SEARCH(Y8,Dienstplan!$B$8:$B$19))*(ISNUMBER(SEARCH($AB$17,Dienstplan!$AH$8:$BJ$19)))))} -> 0 | R25: {=SUMPRODUCT((ISNUMBER(SEARCH(Y8,Dienstplan!$B$8:$B$19))*(ISNUMBER(SEARCH($AB$18,Dienstplan!$AH$8:$BJ$19)))))} -> 0 | S25: {=SUMPRODUCT((ISNUMBER(SEARCH(Y8,Dienstplan!$B$8:$B$19))*(ISNUMBER(SEARCH($AB$19,Dienstplan!$AH$8:$BJ$19)))))} -> 2 | T25: =SUM($F$18*$Z8) -> 160 | U25: =SUM($C25*Frueh_1+$D25*Spaet_1+$E25*Nacht_1+$F25*Normal_1+$I25*Sonderd_1-$J25*Muster+$K25*Muster+$L25*EH_Kurs+$M25*Koor_taet+$N25*Sekre_1+$O25*Muster+$P25*Muster+$Q25*Muster+$R25*Muster+G25*Muster+H25*Muster) -> 132.25 | V25: =SUM($U25-$T25) -> -27.75 | W25: =V25+W9 -> -52.5 | Y25: Diff. + Urlaub | AA25: =AA24+AD16 -> -1854.55
B26: =B10 -> Behrendt | C26: {=SUMPRODUCT((ISNUMBER(SEARCH(Y9,Dienstplan!$B$8:$B$19))*(ISNUMBER(SEARCH($AB$3,Dienstplan!$AH$8:$BJ$19)))))-D26} -> 0 | D26: {=SUMPRODUCT((ISNUMBER(SEARCH(Y9,Dienstplan!$B$8:$B$19))*(ISNUMBER(SEARCH($AB$4,Dienstplan!$AH$8:$BJ$19)))))} -> 13 | E26: {=SUMPRODUCT((ISNUMBER(SEARCH(Y9,Dienstplan!$B$8:$B$19))*(ISNUMBER(SEARCH($AB$5,Dienstplan!$AH$8:$BJ$19)))))} -> 5 | F26: {=SUMPRODUCT((ISNUMBER(SEARCH(Y9,Dienstplan!$B$8:$B$19))*(ISNUMBER(SEARCH($AB$6,Dienstplan!$AH$8:$BJ$19)))))} -> 0 | G26: {=SUMPRODUCT((ISNUMBER(SEARCH(Y9,Dienstplan!$B$8:$B$19))*(ISNUMBER(SEARCH($AB$7,Dienstplan!$AH$8:$BJ$19)))))-H26} -> 0 | H26: {=SUMPRODUCT((ISNUMBER(SEARCH(Y9,Dienstplan!$B$8:$B$19))*(ISNUMBER(SEARCH($AB$8,Dienstplan!$AH$8:$BJ$19)))))} -> 0 | I26: {=SUMPRODUCT((ISNUMBER(SEARCH(Y9,Dienstplan!$B$8:$B$19))*(ISNUMBER(SEARCH($AB$9,Dienstplan!$AH$8:$BJ$19)))))} -> 0 | J26: {=SUMPRODUCT((ISNUMBER(SEARCH(Y9,Dienstplan!$B$8:$B$19))*(ISNUMBER(SEARCH($AB$10,Dienstplan!$AH$8:$BJ$19)))))} -> 1 | K26: {=SUMPRODUCT((ISNUMBER(SEARCH(Y9,Dienstplan!$B$8:$B$19))*(ISNUMBER(SEARCH($AB$11,Dienstplan!$AH$8:$BJ$19)))))-$Q26} -> 0 | L26: {=SUMPRODUCT((ISNUMBER(SEARCH(Y9,Dienstplan!$B$8:$B$19))*(ISNUMBER(SEARCH($AB$12,Dienstplan!$AH$8:$BJ$19)))))} -> 0 | M26: {=SUMPRODUCT((ISNUMBER(SEARCH(Y9,Dienstplan!$B$8:$B$19))*(ISNUMBER(SEARCH($AB$13,Dienstplan!$AH$8:$BJ$19)))))} -> 0 | N26: {=SUMPRODUCT((ISNUMBER(SEARCH(Y9,Dienstplan!$B$8:$B$19))*(ISNUMBER(SEARCH($AB$14,Dienstplan!$AH$8:$BJ$19)))))} -> 0 | O26: {=SUMPRODUCT((ISNUMBER(SEARCH(Y9,Dienstplan!$B$8:$B$19))*(ISNUMBER(SEARCH($AB$15,Dienstplan!$AH$8:$BJ$19)))))} -> 0 | P26: {=SUMPRODUCT((ISNUMBER(SEARCH(Y9,Dienstplan!$B$8:$B$19))*(ISNUMBER(SEARCH($AB$16,Dienstplan!$AH$8:$BJ$19)))))} -> 1 | Q26: {=SUMPRODUCT((ISNUMBER(SEARCH(Y9,Dienstplan!$B$8:$B$19))*(ISNUMBER(SEARCH($AB$17,Dienstplan!$AH$8:$BJ$19)))))} -> 0 | R26: {=SUMPRODUCT((ISNUMBER(SEARCH(Y9,Dienstplan!$B$8:$B$19))*(ISNUMBER(SEARCH($AB$18,Dienstplan!$AH$8:$BJ$19)))))} -> 0 | S26: {=SUMPRODUCT((ISNUMBER(SEARCH(Y9,Dienstplan!$B$8:$B$19))*(ISNUMBER(SEARCH($AB$19,Dienstplan!$AH$8:$BJ$19)))))} -> 0 | T26: =SUM($F$18*$Z9) -> 140 | U26: =SUM($C26*Frueh_1+$D26*Spaet_1+$E26*Nacht_1+$F26*Normal_1+$I26*Sonderd_1-$J26*Muster+$K26*Muster+$L26*EH_Kurs+$M26*Koor_taet+$N26*Sekre_1+$O26*Muster+$P26*Muster+$Q26*Muster+$R26*Muster+G26*Muster+H26*Muster) -> 135 | V26: =SUM($U26-$T26) -> -5 | W26: =V26+W10 -> -72.2
B27: =B11 -> Krempl | C27: =SUMPRODUCT((ISNUMBER(SEARCH($Y10,Dienstplan!$B$8:$B$19))*(ISNUMBER(SEARCH($AB$3,Dienstplan!$AH$8:$BJ$19)))))-D27 -> 0 | D27: =SUMPRODUCT((ISNUMBER(SEARCH($Y10,Dienstplan!$B$8:$B$19))*(ISNUMBER(SEARCH($AB$4,Dienstplan!$AH$8:$BJ$19))))) -> 1 | E27: =SUMPRODUCT((ISNUMBER(SEARCH($Y10,Dienstplan!$B$8:$B$19))*(ISNUMBER(SEARCH($AB$5,Dienstplan!$AH$8:$BJ$19))))) -> 0 | F27: =SUMPRODUCT((ISNUMBER(SEARCH($Y10,Dienstplan!$B$8:$B$19))*(ISNUMBER(SEARCH($AB$6,Dienstplan!$AH$8:$BJ$19))))) -> 0 | G27: =SUMPRODUCT((ISNUMBER(SEARCH($Y10,Dienstplan!$B$8:$B$19))*(ISNUMBER(SEARCH($AB$7,Dienstplan!$AH$8:$BJ$19)))))-H27 -> 4 | H27: =SUMPRODUCT((ISNUMBER(SEARCH($Y10,Dienstplan!$B$8:$B$19))*(ISNUMBER(SEARCH($AB$8,Dienstplan!$AH$8:$BJ$19))))) -> 0 | I27: =SUMPRODUCT((ISNUMBER(SEARCH($Y10,Dienstplan!$B$8:$B$19))*(ISNUMBER(SEARCH($AB$9,Dienstplan!$AH$8:$BJ$19))))) -> 1 | J27: =SUMPRODUCT((ISNUMBER(SEARCH($Y10,Dienstplan!$B$8:$B$19))*(ISNUMBER(SEARCH($AB$10,Dienstplan!$AH$8:$BJ$19))))) -> 9 | K27: =SUMPRODUCT((ISNUMBER(SEARCH($Y10,Dienstplan!$B$8:$B$19))*(ISNUMBER(SEARCH($AB$11,Dienstplan!$AH$8:$BJ$19)))))-$Q27 -> 2 | L27: =SUMPRODUCT((ISNUMBER(SEARCH($Y10,Dienstplan!$B$8:$B$19))*(ISNUMBER(SEARCH($AB$12,Dienstplan!$AH$8:$BJ$19))))) -> 1 | M27: =SUMPRODUCT((ISNUMBER(SEARCH($Y10,Dienstplan!$B$8:$B$19))*(ISNUMBER(SEARCH($AB$13,Dienstplan!$AH$8:$BJ$19))))) -> 0 | N27: =SUMPRODUCT((ISNUMBER(SEARCH($Y10,Dienstplan!$B$8:$B$19))*(ISNUMBER(SEARCH($AB$14,Dienstplan!$AH$8:$BJ$19))))) -> 0 | O27: =SUMPRODUCT((ISNUMBER(SEARCH($Y10,Dienstplan!$B$8:$B$19))*(ISNUMBER(SEARCH($AB$15,Dienstplan!$AH$8:$BJ$19))))) -> 2 | P27: =SUMPRODUCT((ISNUMBER(SEARCH($Y10,Dienstplan!$B$8:$B$19))*(ISNUMBER(SEARCH($AB$16,Dienstplan!$AH$8:$BJ$19))))) -> 0 | Q27: =SUMPRODUCT((ISNUMBER(SEARCH($Y10,Dienstplan!$B$8:$B$19))*(ISNUMBER(SEARCH($AB$17,Dienstplan!$AH$8:$BJ$19))))) -> 0 | R27: =SUMPRODUCT((ISNUMBER(SEARCH($Y10,Dienstplan!$B$8:$B$19))*(ISNUMBER(SEARCH($AB$18,Dienstplan!$AH$8:$BJ$19))))) -> 0 | S27: =SUMPRODUCT((ISNUMBER(SEARCH($Y10,Dienstplan!$B$8:$B$19))*(ISNUMBER(SEARCH($AB$19,Dienstplan!$AH$8:$BJ$19))))) -> 0 | T27: =SUM($F$18*$Z10) -> 64 | U27: =SUM($C27*Frueh_1+$D27*Spaet_1+$E27*Nacht_1+$F27*Normal_1+$I27*Sonderd_1-$J27*Krem_E+$K27*Krem_E+$L27*EH_Kurs+$M27*Koor_taet+$N27*Sekre_1+$O27*Krem_E+$R27*Krem_E+$P27*Krem_E+$Q27*Krem_E+G27*Krem_E+H27*Krem_E) -> 19.3 | V27: =SUM($U27-$T27) -> -44.7 | W27: =V27+W11 -> -81.5
B28: =B12 -> Putschler | C28: =SUMPRODUCT((ISNUMBER(SEARCH($Y11,Dienstplan!$B$8:$B$19))*(ISNUMBER(SEARCH($AB$3,Dienstplan!$AH$8:$BJ$19)))))-D28 -> 0 | D28: =SUMPRODUCT((ISNUMBER(SEARCH($Y11,Dienstplan!$B$8:$B$19))*(ISNUMBER(SEARCH($AB$4,Dienstplan!$AH$8:$BJ$19))))) -> 0 | E28: =SUMPRODUCT((ISNUMBER(SEARCH($Y11,Dienstplan!$B$8:$B$19))*(ISNUMBER(SEARCH($AB$5,Dienstplan!$AH$8:$BJ$19))))) -> 0 | F28: =SUMPRODUCT((ISNUMBER(SEARCH($Y11,Dienstplan!$B$8:$B$19))*(ISNUMBER(SEARCH($AB$6,Dienstplan!$AH$8:$BJ$19))))) -> 0 | G28: =SUMPRODUCT((ISNUMBER(SEARCH($Y11,Dienstplan!$B$8:$B$19))*(ISNUMBER(SEARCH($AB$7,Dienstplan!$AH$8:$BJ$19)))))-H28 -> 0 | H28: =SUMPRODUCT((ISNUMBER(SEARCH($Y11,Dienstplan!$B$8:$B$19))*(ISNUMBER(SEARCH($AB$8,Dienstplan!$AH$8:$BJ$19))))) -> 0 | I28: =SUMPRODUCT((ISNUMBER(SEARCH($Y11,Dienstplan!$B$8:$B$19))*(ISNUMBER(SEARCH($AB$9,Dienstplan!$AH$8:$BJ$19))))) -> 0 | J28: =SUMPRODUCT((ISNUMBER(SEARCH($Y11,Dienstplan!$B$8:$B$19))*(ISNUMBER(SEARCH($AB$10,Dienstplan!$AH$8:$BJ$19))))) -> 0 | K28: =SUMPRODUCT((ISNUMBER(SEARCH($Y11,Dienstplan!$B$8:$B$19))*(ISNUMBER(SEARCH($AB$11,Dienstplan!$AH$8:$BJ$19)))))-$Q28 -> 5 | L28: =SUMPRODUCT((ISNUMBER(SEARCH($Y11,Dienstplan!$B$8:$B$19))*(ISNUMBER(SEARCH($AB$12,Dienstplan!$AH$8:$BJ$19))))) -> 1 | M28: =SUMPRODUCT((ISNUMBER(SEARCH($Y11,Dienstplan!$B$8:$B$19))*(ISNUMBER(SEARCH($AB$13,Dienstplan!$AH$8:$BJ$19))))) -> 12 | N28: =SUMPRODUCT((ISNUMBER(SEARCH($Y11,Dienstplan!$B$8:$B$19))*(ISNUMBER(SEARCH($AB$14,Dienstplan!$AH$8:$BJ$19))))) -> 0 | O28: =SUMPRODUCT((ISNUMBER(SEARCH($Y11,Dienstplan!$B$8:$B$19))*(ISNUMBER(SEARCH($AB$15,Dienstplan!$AH$8:$BJ$19))))) -> 2 | P28: =SUMPRODUCT((ISNUMBER(SEARCH($Y11,Dienstplan!$B$8:$B$19))*(ISNUMBER(SEARCH($AB$16,Dienstplan!$AH$8:$BJ$19))))) -> 0 | Q28: =SUMPRODUCT((ISNUMBER(SEARCH($Y11,Dienstplan!$B$8:$B$19))*(ISNUMBER(SEARCH($AB$17,Dienstplan!$AH$8:$BJ$19))))) -> 0 | R28: =SUMPRODUCT((ISNUMBER(SEARCH($Y11,Dienstplan!$B$8:$B$19))*(ISNUMBER(SEARCH($AB$18,Dienstplan!$AH$8:$BJ$19))))) -> 0 | S28: =SUMPRODUCT((ISNUMBER(SEARCH($Y11,Dienstplan!$B$8:$B$19))*(ISNUMBER(SEARCH($AB$19,Dienstplan!$AH$8:$BJ$19))))) -> 0 | T28: =SUM($F$18*$Z11) -> 160 | U28: =SUM($C28*Frueh_1+$D28*Spaet_1+$E28*Nacht_1+$F28*Normal_1+$I28*Sonderd_1-$J28*Put_W+$K28*Put_W+$L28*EH_Kurs+$M28*Koor_taet+$N28*Sekre_1+$O28*Put_W+$R28*Put_W+$P28*Put_W+$Q28*Put_W+G28*Put_W+H28*Put_W) -> 160 | V28: =SUM($U28-$T28) -> 0 | W28: =V28+W12 -> 8
B29: =B13 -> Schmidt | C29: =SUMPRODUCT((ISNUMBER(SEARCH($Y12,Dienstplan!$B$8:$B$19))*(ISNUMBER(SEARCH($AB$3,Dienstplan!$AH$8:$BJ$19)))))-D29 -> 0 | D29: =SUMPRODUCT((ISNUMBER(SEARCH($Y12,Dienstplan!$B$8:$B$19))*(ISNUMBER(SEARCH($AB$4,Dienstplan!$AH$8:$BJ$19))))) -> 0 | E29: =SUMPRODUCT((ISNUMBER(SEARCH($Y12,Dienstplan!$B$8:$B$19))*(ISNUMBER(SEARCH($AB$5,Dienstplan!$AH$8:$BJ$19))))) -> 0 | F29: =SUMPRODUCT((ISNUMBER(SEARCH($Y12,Dienstplan!$B$8:$B$19))*(ISNUMBER(SEARCH($AB$6,Dienstplan!$AH$8:$BJ$19))))) -> 0 | G29: =SUMPRODUCT((ISNUMBER(SEARCH($Y12,Dienstplan!$B$8:$B$19))*(ISNUMBER(SEARCH($AB$7,Dienstplan!$AH$8:$BJ$19)))))-H29 -> 0 | H29: =SUMPRODUCT((ISNUMBER(SEARCH($Y12,Dienstplan!$B$8:$B$19))*(ISNUMBER(SEARCH($AB$8,Dienstplan!$AH$8:$BJ$19))))) -> 0 | I29: =SUMPRODUCT((ISNUMBER(SEARCH($Y12,Dienstplan!$B$8:$B$19))*(ISNUMBER(SEARCH($AB$9,Dienstplan!$AH$8:$BJ$19))))) -> 0 | J29: =SUMPRODUCT((ISNUMBER(SEARCH($Y12,Dienstplan!$B$8:$B$19))*(ISNUMBER(SEARCH($AB$10,Dienstplan!$AH$8:$BJ$19))))) -> 0 | K29: =SUMPRODUCT((ISNUMBER(SEARCH($Y12,Dienstplan!$B$8:$B$19))*(ISNUMBER(SEARCH($AB$11,Dienstplan!$AH$8:$BJ$19)))))-$Q29 -> 0 | L29: =SUMPRODUCT((ISNUMBER(SEARCH($Y12,Dienstplan!$B$8:$B$19))*(ISNUMBER(SEARCH($AB$12,Dienstplan!$AH$8:$BJ$19))))) -> 0 | M29: =SUMPRODUCT((ISNUMBER(SEARCH($Y12,Dienstplan!$B$8:$B$19))*(ISNUMBER(SEARCH($AB$13,Dienstplan!$AH$8:$BJ$19))))) -> 0 | N29: =SUMPRODUCT((ISNUMBER(SEARCH($Y12,Dienstplan!$B$8:$B$19))*(ISNUMBER(SEARCH($AB$14,Dienstplan!$AH$8:$BJ$19))))) -> 0 | O29: =SUMPRODUCT((ISNUMBER(SEARCH($Y12,Dienstplan!$B$8:$B$19))*(ISNUMBER(SEARCH($AB$15,Dienstplan!$AH$8:$BJ$19))))) -> 0 | P29: =SUMPRODUCT((ISNUMBER(SEARCH($Y12,Dienstplan!$B$8:$B$19))*(ISNUMBER(SEARCH($AB$16,Dienstplan!$AH$8:$BJ$19))))) -> 0 | Q29: =SUMPRODUCT((ISNUMBER(SEARCH($Y12,Dienstplan!$B$8:$B$19))*(ISNUMBER(SEARCH($AB$17,Dienstplan!$AH$8:$BJ$19))))) -> 0 | R29: =SUMPRODUCT((ISNUMBER(SEARCH($Y12,Dienstplan!$B$8:$B$19))*(ISNUMBER(SEARCH($AB$18,Dienstplan!$AH$8:$BJ$19))))) -> 0 | S29: =SUMPRODUCT((ISNUMBER(SEARCH($Y12,Dienstplan!$B$8:$B$19))*(ISNUMBER(SEARCH($AB$19,Dienstplan!$AH$8:$BJ$19))))) -> 0 | T29: =SUM($F$18*$Z12) -> 140 | U29: =SUM($C29*Frueh_1+$D29*Spaet_1+$E29*Nacht_1+$F29*Normal_1+$I29*Sonderd_1-$J29*Radi_L+$K29*Radi_L+$L29*EH_Kurs+$M29*Koor_taet+$N29*Sekre_1+$O29*Radi_L+$R29*Radi_L+$P29*Radi_L+$Q29*Radi_L+G29*Radi_L+H29*Radi_L) -> 0 | V29: =SUM($U29-$T29) -> -140 | W29: =V29+W13 -> -287 | Y29: Soll AZ | Z29: IRTAZ mal Arbeitstage
B30: =B14 -> Radimersky | C30: =SUMPRODUCT((ISNUMBER(SEARCH($Y13,Dienstplan!$B$8:$B$19))*(ISNUMBER(SEARCH($AB$3,Dienstplan!$AH$8:$BJ$19)))))-D30 -> 0 | D30: =SUMPRODUCT((ISNUMBER(SEARCH($Y13,Dienstplan!$B$8:$B$19))*(ISNUMBER(SEARCH($AB$4,Dienstplan!$AH$8:$BJ$19))))) -> 0 | E30: =SUMPRODUCT((ISNUMBER(SEARCH($Y13,Dienstplan!$B$8:$B$19))*(ISNUMBER(SEARCH($AB$5,Dienstplan!$AH$8:$BJ$19))))) -> 0 | F30: =SUMPRODUCT((ISNUMBER(SEARCH($Y13,Dienstplan!$B$8:$B$19))*(ISNUMBER(SEARCH($AB$6,Dienstplan!$AH$8:$BJ$19))))) -> 0 | G30: =SUMPRODUCT((ISNUMBER(SEARCH($Y13,Dienstplan!$B$8:$B$19))*(ISNUMBER(SEARCH($AB$7,Dienstplan!$AH$8:$BJ$19)))))-H30 -> 0 | H30: =SUMPRODUCT((ISNUMBER(SEARCH($Y13,Dienstplan!$B$8:$B$19))*(ISNUMBER(SEARCH($AB$8,Dienstplan!$AH$8:$BJ$19))))) -> 0 | I30: =SUMPRODUCT((ISNUMBER(SEARCH($Y13,Dienstplan!$B$8:$B$19))*(ISNUMBER(SEARCH($AB$9,Dienstplan!$AH$8:$BJ$19))))) -> 0 | J30: =SUMPRODUCT((ISNUMBER(SEARCH($Y13,Dienstplan!$B$8:$B$19))*(ISNUMBER(SEARCH($AB$10,Dienstplan!$AH$8:$BJ$19))))) -> 0 | K30: =SUMPRODUCT((ISNUMBER(SEARCH($Y13,Dienstplan!$B$8:$B$19))*(ISNUMBER(SEARCH($AB$11,Dienstplan!$AH$8:$BJ$19)))))-$Q30 -> 0 | L30: =SUMPRODUCT((ISNUMBER(SEARCH($Y13,Dienstplan!$B$8:$B$19))*(ISNUMBER(SEARCH($AB$12,Dienstplan!$AH$8:$BJ$19))))) -> 0 | M30: =SUMPRODUCT((ISNUMBER(SEARCH($Y13,Dienstplan!$B$8:$B$19))*(ISNUMBER(SEARCH($AB$13,Dienstplan!$AH$8:$BJ$19))))) -> 0 | N30: =SUMPRODUCT((ISNUMBER(SEARCH($Y13,Dienstplan!$B$8:$B$19))*(ISNUMBER(SEARCH($AB$14,Dienstplan!$AH$8:$BJ$19))))) -> 0 | O30: =SUMPRODUCT((ISNUMBER(SEARCH($Y13,Dienstplan!$B$8:$B$19))*(ISNUMBER(SEARCH($AB$15,Dienstplan!$AH$8:$BJ$19))))) -> 0 | P30: =SUMPRODUCT((ISNUMBER(SEARCH($Y13,Dienstplan!$B$8:$B$19))*(ISNUMBER(SEARCH($AB$16,Dienstplan!$AH$8:$BJ$19))))) -> 0 | Q30: =SUMPRODUCT((ISNUMBER(SEARCH($Y13,Dienstplan!$B$8:$B$19))*(ISNUMBER(SEARCH($AB$17,Dienstplan!$AH$8:$BJ$19))))) -> 0 | R30: =SUMPRODUCT((ISNUMBER(SEARCH($Y13,Dienstplan!$B$8:$B$19))*(ISNUMBER(SEARCH($AB$18,Dienstplan!$AH$8:$BJ$19))))) -> 0 | S30: =SUMPRODUCT((ISNUMBER(SEARCH($Y13,Dienstplan!$B$8:$B$19))*(ISNUMBER(SEARCH($AB$19,Dienstplan!$AH$8:$BJ$19))))) -> 0 | T30: =SUM($F$18*$Z13) -> 60 | U30: =SUM($C30*Frueh_1+$D30*Spaet_1+$E30*Nacht_1+$F30*Normal_1+$I30*Sonderd_1-$J30*Fortenb+$K30*Fortenb+$L30*EH_Kurs+$M30*Koor_taet+$N30*Sekre_1+$O30*Fortenb+$R30*Fortenb+$P30*Fortenb+$Q30*Fortenb+G30*Fortenb+H30*Fortenb) -> 0 | V30: =SUM($U30-$T30) -> -60 | W30: =V30+W14 -> -123 | Y30: Ist AZ | Z30: erforderliche AZ laut Dienstplan
B32: Summe | C32: =SUM(C20:C31) -> 23 | D32: =SUM(D20:D31) -> 20 | E32: =SUM(E20:E31) -> 25 | F32: =SUM(F20:F31) -> 27 | G32: =SUM(G20:G31) -> 11 | H32: =SUM(H20:H31) -> 0 | I32: =SUM(I20:I31) -> 6 | J32: =SUM(J20:J31) -> 13 | ... S32: =SUM(S20:S31) -> 6 | T32: =SUM(T20:T28) -> 1264 | U32: =SUM(U20:U28) -> 1040.55
B34: März | D34: Arbeitstage | F34: 23 | I34: Samstage | K34: 4
C35: =Jahr!C3 -> FI | D35: =Jahr!D3 -> FII | E35: =Jahr!E3 -> SI | F35: =Jahr!F3 -> NI | G35: =Jahr!G3 -> DI | H35: =Jahr!H3 -> DII | I35: =Jahr!I3 -> SD | J35: =Jahr!J3 -> GT | ... S35: =Jahr!S3 -> NST | T35: Soll AZ | U35: Ist AZ | V35: Differenz | W35: Gesamt
B36: =B4 -> Breig | C36: =SUMPRODUCT((ISNUMBER(SEARCH($Y3,Dienstplan!$B$8:$B$19))*(ISNUMBER(SEARCH($AB$3,Dienstplan!$BK$8:$CO$19)))))-D36 -> 5 | D36: =SUMPRODUCT((ISNUMBER(SEARCH($Y3,Dienstplan!$B$8:$B$19))*(ISNUMBER(SEARCH($AB$4,Dienstplan!$BK$8:$CO$19))))) -> 0 | E36: =SUMPRODUCT((ISNUMBER(SEARCH($Y3,Dienstplan!$B$8:$B$19))*(ISNUMBER(SEARCH($AB$5,Dienstplan!$BK$8:$CO$19))))) -> 0 | F36: =SUMPRODUCT((ISNUMBER(SEARCH($Y3,Dienstplan!$B$8:$B$19))*(ISNUMBER(SEARCH($AB$6,Dienstplan!$BK$8:$CO$19))))) -> 5 | G36: =SUMPRODUCT((ISNUMBER(SEARCH($Y3,Dienstplan!$B$8:$B$19))*(ISNUMBER(SEARCH($AB$7,Dienstplan!$BK$8:$CO$19)))))-H36 -> 2 | H36: =SUMPRODUCT((ISNUMBER(SEARCH($Y3,Dienstplan!$B$8:$B$19))*(ISNUMBER(SEARCH($AB$8,Dienstplan!$BK$8:$CO$19))))) -> 0 | I36: =SUMPRODUCT((ISNUMBER(SEARCH($Y3,Dienstplan!$B$8:$B$19))*(ISNUMBER(SEARCH($AB$9,Dienstplan!$BK$8:$CO$19))))) -> 0 | J36: =SUMPRODUCT((ISNUMBER(SEARCH($Y3,Dienstplan!$B$8:$B$19))*(ISNUMBER(SEARCH($AB$10,Dienstplan!$BK$8:$CO$19))))) -> 0 | K36: =SUMPRODUCT((ISNUMBER(SEARCH($Y3,Dienstplan!$B$8:$B$19))*(ISNUMBER(SEARCH($AB$11,Dienstplan!$BK$8:$CO$19)))))-$Q36 -> 0 | L36: =SUMPRODUCT((ISNUMBER(SEARCH($Y3,Dienstplan!$B$8:$B$19))*(ISNUMBER(SEARCH($AB$12,Dienstplan!$BK$8:$CO$19))))) -> 1 | M36: =SUMPRODUCT((ISNUMBER(SEARCH($Y3,Dienstplan!$B$8:$B$19))*(ISNUMBER(SEARCH($AB$13,Dienstplan!$BK$8:$CO$19))))) -> 0 | N36: =SUMPRODUCT((ISNUMBER(SEARCH($Y3,Dienstplan!$B$8:$B$19))*(ISNUMBER(SEARCH($AB$14,Dienstplan!$BK$8:$CO$19))))) -> 0 | O36: =SUMPRODUCT((ISNUMBER(SEARCH($Y3,Dienstplan!$B$8:$B$19))*(ISNUMBER(SEARCH($AB$15,Dienstplan!$BK$8:$CO$19))))) -> 5 | P36: =SUMPRODUCT((ISNUMBER(SEARCH($Y3,Dienstplan!$B$8:$B$19))*(ISNUMBER(SEARCH($AB$16,Dienstplan!$BK$8:$CO$19))))) -> 0 | Q36: =SUMPRODUCT((ISNUMBER(SEARCH($Y3,Dienstplan!$B$8:$B$19))*(ISNUMBER(SEARCH($AB$17,Dienstplan!$BK$8:$CO$19))))) -> 0 | R36: =SUMPRODUCT((ISNUMBER(SEARCH($Y3,Dienstplan!$B$8:$B$19))*(ISNUMBER(SEARCH($AB$18,Dienstplan!$BK$8:$CO$19))))) -> 0 | S36: =SUMPRODUCT((ISNUMBER(SEARCH($Y3,Dienstplan!$B$8:$B$19))*(ISNUMBER(SEARCH($AB$19,Dienstplan!$BK$8:$CO$19))))) -> 1 | T36: =SUM($F$34*$Z3) -> 184 | U36: =SUM($C36*Frueh_1+$D36*Spaet_1+$E36*Nacht_1+$F36*Normal_1+$I36*Sonderd_1-$J36*Velten+$K36*Velten+$L36*EH_Kurs+$M36*Koor_taet+$N36*Sekre_1+$O36*Velten+$R36*Velten+$P36*Velten+$Q36*Velten+G36*Velt_M+H36*Velt_M) -> 137.75 | V36: =SUM($U36-$T36) -> -46.25 | W36: =V36+W20 -> -78.75
B37: =B5 -> Siebert | C37: =SUMPRODUCT((ISNUMBER(SEARCH($Y4,Dienstplan!$B$8:$B$19))*(ISNUMBER(SEARCH($AB$3,Dienstplan!$BK$8:$CO$19)))))-D37 -> 0 | D37: =SUMPRODUCT((ISNUMBER(SEARCH($Y4,Dienstplan!$B$8:$B$19))*(ISNUMBER(SEARCH($AB$4,Dienstplan!$BK$8:$CO$19))))) -> 0 | E37: =SUMPRODUCT((ISNUMBER(SEARCH($Y4,Dienstplan!$B$8:$B$19))*(ISNUMBER(SEARCH($AB$5,Dienstplan!$BK$8:$CO$19))))) -> 5 | F37: =SUMPRODUCT((ISNUMBER(SEARCH($Y4,Dienstplan!$B$8:$B$19))*(ISNUMBER(SEARCH($AB$6,Dienstplan!$BK$8:$CO$19))))) -> 0 | G37: =SUMPRODUCT((ISNUMBER(SEARCH($Y4,Dienstplan!$B$8:$B$19))*(ISNUMBER(SEARCH($AB$7,Dienstplan!$BK$8:$CO$19)))))-H37 -> 0 | H37: =SUMPRODUCT((ISNUMBER(SEARCH($Y4,Dienstplan!$B$8:$B$19))*(ISNUMBER(SEARCH($AB$8,Dienstplan!$BK$8:$CO$19))))) -> 0 | I37: =SUMPRODUCT((ISNUMBER(SEARCH($Y4,Dienstplan!$B$8:$B$19))*(ISNUMBER(SEARCH($AB$9,Dienstplan!$BK$8:$CO$19))))) -> 0 | J37: =SUMPRODUCT((ISNUMBER(SEARCH($Y4,Dienstplan!$B$8:$B$19))*(ISNUMBER(SEARCH($AB$10,Dienstplan!$BK$8:$CO$19))))) -> 0 | K37: =SUMPRODUCT((ISNUMBER(SEARCH($Y4,Dienstplan!$B$8:$B$19))*(ISNUMBER(SEARCH($AB$11,Dienstplan!$BK$8:$CO$19)))))-$Q37 -> 5 | L37: =SUMPRODUCT((ISNUMBER(SEARCH($Y4,Dienstplan!$B$8:$B$19))*(ISNUMBER(SEARCH($AB$12,Dienstplan!$BK$8:$CO$19))))) -> 1 | M37: =SUMPRODUCT((ISNUMBER(SEARCH($Y4,Dienstplan!$B$8:$B$19))*(ISNUMBER(SEARCH($AB$13,Dienstplan!$BK$8:$CO$19))))) -> 0 | N37: =SUMPRODUCT((ISNUMBER(SEARCH($Y4,Dienstplan!$B$8:$B$19))*(ISNUMBER(SEARCH($AB$14,Dienstplan!$BK$8:$CO$19))))) -> 0 | O37: =SUMPRODUCT((ISNUMBER(SEARCH($Y4,Dienstplan!$B$8:$B$19))*(ISNUMBER(SEARCH($AB$15,Dienstplan!$BK$8:$CO$19))))) -> 2 | P37: =SUMPRODUCT((ISNUMBER(SEARCH($Y4,Dienstplan!$B$8:$B$19))*(ISNUMBER(SEARCH($AB$16,Dienstplan!$BK$8:$CO$19))))) -> 0 | Q37: =SUMPRODUCT((ISNUMBER(SEARCH($Y4,Dienstplan!$B$8:$B$19))*(ISNUMBER(SEARCH($AB$17,Dienstplan!$BK$8:$CO$19))))) -> 0 | R37: =SUMPRODUCT((ISNUMBER(SEARCH($Y4,Dienstplan!$B$8:$B$19))*(ISNUMBER(SEARCH($AB$18,Dienstplan!$BK$8:$CO$19))))) -> 0 | S37: =SUMPRODUCT((ISNUMBER(SEARCH($Y4,Dienstplan!$B$8:$B$19))*(ISNUMBER(SEARCH($AB$19,Dienstplan!$BK$8:$CO$19))))) -> 0 | T37: =SUM($F$34*$Z4) -> 161 | U37: =SUM($C37*Frueh_1+$D37*Spaet_1+$E37*Nacht_1+$F37*Normal_1+$I37*Sonderd_1-$J37*Brue_H+$K37*Brue_H+$L37*EH_Kurs+$M37*Koor_taet+$N37*Sekre_1+$O37*Brue_H+$R37*Brue_H+$P37*Brue_H+$Q37*Brue_H+G37*Brue_H+H37*Brue_H) -> 94.5 | V37: =SUM($U37-$T37) -> -66.5 | W37: =V37+W21 -> -42.25
B38: =B6 -> Jochim | C38: =SUMPRODUCT((ISNUMBER(SEARCH($Y5,Dienstplan!$B$8:$B$19))*(ISNUMBER(SEARCH($AB$3,Dienstplan!$BK$8:$CO$19)))))-D38 -> 5 | D38: =SUMPRODUCT((ISNUMBER(SEARCH($Y5,Dienstplan!$B$8:$B$19))*(ISNUMBER(SEARCH($AB$4,Dienstplan!$BK$8:$CO$19))))) -> 0 | E38: =SUMPRODUCT((ISNUMBER(SEARCH($Y5,Dienstplan!$B$8:$B$19))*(ISNUMBER(SEARCH($AB$5,Dienstplan!$BK$8:$CO$19))))) -> 0 | F38: =SUMPRODUCT((ISNUMBER(SEARCH($Y5,Dienstplan!$B$8:$B$19))*(ISNUMBER(SEARCH($AB$6,Dienstplan!$BK$8:$CO$19))))) -> 0 | G38: =SUMPRODUCT((ISNUMBER(SEARCH($Y5,Dienstplan!$B$8:$B$19))*(ISNUMBER(SEARCH($AB$7,Dienstplan!$BK$8:$CO$19)))))-H38 -> 5 | H38: =SUMPRODUCT((ISNUMBER(SEARCH($Y5,Dienstplan!$B$8:$B$19))*(ISNUMBER(SEARCH($AB$8,Dienstplan!$BK$8:$CO$19))))) -> 5 | I38: =SUMPRODUCT((ISNUMBER(SEARCH($Y5,Dienstplan!$B$8:$B$19))*(ISNUMBER(SEARCH($AB$9,Dienstplan!$BK$8:$CO$19))))) -> 1 | J38: =SUMPRODUCT((ISNUMBER(SEARCH($Y5,Dienstplan!$B$8:$B$19))*(ISNUMBER(SEARCH($AB$10,Dienstplan!$BK$8:$CO$19))))) -> 0 | K38: =SUMPRODUCT((ISNUMBER(SEARCH($Y5,Dienstplan!$B$8:$B$19))*(ISNUMBER(SEARCH($AB$11,Dienstplan!$BK$8:$CO$19)))))-$Q38 -> 0 | L38: =SUMPRODUCT((ISNUMBER(SEARCH($Y5,Dienstplan!$B$8:$B$19))*(ISNUMBER(SEARCH($AB$12,Dienstplan!$BK$8:$CO$19))))) -> 0 | M38: =SUMPRODUCT((ISNUMBER(SEARCH($Y5,Dienstplan!$B$8:$B$19))*(ISNUMBER(SEARCH($AB$13,Dienstplan!$BK$8:$CO$19))))) -> 0 | N38: =SUMPRODUCT((ISNUMBER(SEARCH($Y5,Dienstplan!$B$8:$B$19))*(ISNUMBER(SEARCH($AB$14,Dienstplan!$BK$8:$CO$19))))) -> 0 | O38: =SUMPRODUCT((ISNUMBER(SEARCH($Y5,Dienstplan!$B$8:$B$19))*(ISNUMBER(SEARCH($AB$15,Dienstplan!$BK$8:$CO$19))))) -> 0 | P38: =SUMPRODUCT((ISNUMBER(SEARCH($Y5,Dienstplan!$B$8:$B$19))*(ISNUMBER(SEARCH($AB$16,Dienstplan!$BK$8:$CO$19))))) -> 0 | Q38: =SUMPRODUCT((ISNUMBER(SEARCH($Y5,Dienstplan!$B$8:$B$19))*(ISNUMBER(SEARCH($AB$17,Dienstplan!$BK$8:$CO$19))))) -> 0 | R38: =SUMPRODUCT((ISNUMBER(SEARCH($Y5,Dienstplan!$B$8:$B$19))*(ISNUMBER(SEARCH($AB$18,Dienstplan!$BK$8:$CO$19))))) -> 0 | S38: =SUMPRODUCT((ISNUMBER(SEARCH($Y5,Dienstplan!$B$8:$B$19))*(ISNUMBER(SEARCH($AB$19,Dienstplan!$BK$8:$CO$19))))) -> 0 | T38: =SUM($F$34*$Z5) -> 161 | U38: =SUM($C38*Frueh_1+$D38*Spaet_1+$E38*Nacht_1+$F38*Normal_1+$I38*Sonderd_1-$J38*Rath_M+$K38*Rath_M+$L38*EH_Kurs+$M38*Koor_taet+$N38*Sekre_1+$O38*Rath_M+$R38*Rath_M+$P38*Rath_M+$Q38*Rath_M+G38*Rath_M+H38*Rath_M) -> 113.25 | V38: =SUM($U38-$T38) -> -47.75 | W38: =V38+W22 -> -313.75
B39: =B7 -> Wunsch | C39: =SUMPRODUCT((ISNUMBER(SEARCH($Y6,Dienstplan!$B$8:$B$19))*(ISNUMBER(SEARCH($AB$3,Dienstplan!$BK$8:$CO$19)))))-D39 -> 1 | D39: =SUMPRODUCT((ISNUMBER(SEARCH($Y6,Dienstplan!$B$8:$B$19))*(ISNUMBER(SEARCH($AB$4,Dienstplan!$BK$8:$CO$19))))) -> 0 | E39: =SUMPRODUCT((ISNUMBER(SEARCH($Y6,Dienstplan!$B$8:$B$19))*(ISNUMBER(SEARCH($AB$5,Dienstplan!$BK$8:$CO$19))))) -> 3 | F39: =SUMPRODUCT((ISNUMBER(SEARCH($Y6,Dienstplan!$B$8:$B$19))*(ISNUMBER(SEARCH($AB$6,Dienstplan!$BK$8:$CO$19))))) -> 5 | G39: =SUMPRODUCT((ISNUMBER(SEARCH($Y6,Dienstplan!$B$8:$B$19))*(ISNUMBER(SEARCH($AB$7,Dienstplan!$BK$8:$CO$19)))))-H39 -> 0 | H39: =SUMPRODUCT((ISNUMBER(SEARCH($Y6,Dienstplan!$B$8:$B$19))*(ISNUMBER(SEARCH($AB$8,Dienstplan!$BK$8:$CO$19))))) -> 0 | I39: =SUMPRODUCT((ISNUMBER(SEARCH($Y6,Dienstplan!$B$8:$B$19))*(ISNUMBER(SEARCH($AB$9,Dienstplan!$BK$8:$CO$19))))) -> 0 | J39: =SUMPRODUCT((ISNUMBER(SEARCH($Y6,Dienstplan!$B$8:$B$19))*(ISNUMBER(SEARCH($AB$10,Dienstplan!$BK$8:$CO$19))))) -> 0 | K39: =SUMPRODUCT((ISNUMBER(SEARCH($Y6,Dienstplan!$B$8:$B$19))*(ISNUMBER(SEARCH($AB$11,Dienstplan!$BK$8:$CO$19)))))-$Q39 -> 4 | L39: =SUMPRODUCT((ISNUMBER(SEARCH($Y6,Dienstplan!$B$8:$B$19))*(ISNUMBER(SEARCH($AB$12,Dienstplan!$BK$8:$CO$19))))) -> 1 | M39: =SUMPRODUCT((ISNUMBER(SEARCH($Y6,Dienstplan!$B$8:$B$19))*(ISNUMBER(SEARCH($AB$13,Dienstplan!$BK$8:$CO$19))))) -> 0 | N39: =SUMPRODUCT((ISNUMBER(SEARCH($Y6,Dienstplan!$B$8:$B$19))*(ISNUMBER(SEARCH($AB$14,Dienstplan!$BK$8:$CO$19))))) -> 0 | O39: =SUMPRODUCT((ISNUMBER(SEARCH($Y6,Dienstplan!$B$8:$B$19))*(ISNUMBER(SEARCH($AB$15,Dienstplan!$BK$8:$CO$19))))) -> 0 | P39: =SUMPRODUCT((ISNUMBER(SEARCH($Y6,Dienstplan!$B$8:$B$19))*(ISNUMBER(SEARCH($AB$16,Dienstplan!$BK$8:$CO$19))))) -> 0 | Q39: =SUMPRODUCT((ISNUMBER(SEARCH($Y6,Dienstplan!$B$8:$B$19))*(ISNUMBER(SEARCH($AB$17,Dienstplan!$BK$8:$CO$19))))) -> 0 | R39: =SUMPRODUCT((ISNUMBER(SEARCH($Y6,Dienstplan!$B$8:$B$19))*(ISNUMBER(SEARCH($AB$18,Dienstplan!$BK$8:$CO$19))))) -> 0 | S39: =SUMPRODUCT((ISNUMBER(SEARCH($Y6,Dienstplan!$B$8:$B$19))*(ISNUMBER(SEARCH($AB$19,Dienstplan!$BK$8:$CO$19))))) -> 2 | T39: =SUM($F$34*$Z6) -> 184 | U39: =SUM($C39*Frueh_1+$D39*Spaet_1+$E39*Nacht_1+$F39*Normal_1+$I39*Sonderd_1-$J39*Scho_K+$K39*Scho_K+$L39*EH_Kurs+$M39*Koor_taet+$N39*Sekre_1+$O39*Scho_K+$R39*Scho_K+$P39*Scho_K+$Q39*Scho_K+G39*Scho_K+H39) -> 107.25 | V39: =SUM($U39-$T39) -> -76.75 | W39: =V39+W23 -> -111.5
B40: =B8 -> Göpfrich | C40: =SUMPRODUCT((ISNUMBER(SEARCH($Y7,Dienstplan!$B$8:$B$19))*(ISNUMBER(SEARCH($AB$3,Dienstplan!$BK$8:$CO$19)))))-D40 -> 0 | D40: =SUMPRODUCT((ISNUMBER(SEARCH($Y7,Dienstplan!$B$8:$B$19))*(ISNUMBER(SEARCH($AB$4,Dienstplan!$BK$8:$CO$19))))) -> 0 | E40: =SUMPRODUCT((ISNUMBER(SEARCH($Y7,Dienstplan!$B$8:$B$19))*(ISNUMBER(SEARCH($AB$5,Dienstplan!$BK$8:$CO$19))))) -> 8 | F40: =SUMPRODUCT((ISNUMBER(SEARCH($Y7,Dienstplan!$B$8:$B$19))*(ISNUMBER(SEARCH($AB$6,Dienstplan!$BK$8:$CO$19))))) -> 10 | G40: =SUMPRODUCT((ISNUMBER(SEARCH($Y7,Dienstplan!$B$8:$B$19))*(ISNUMBER(SEARCH($AB$7,Dienstplan!$BK$8:$CO$19)))))-H40 -> 0 | H40: =SUMPRODUCT((ISNUMBER(SEARCH($Y7,Dienstplan!$B$8:$B$19))*(ISNUMBER(SEARCH($AB$8,Dienstplan!$BK$8:$CO$19))))) -> 0 | I40: =SUMPRODUCT((ISNUMBER(SEARCH($Y7,Dienstplan!$B$8:$B$19))*(ISNUMBER(SEARCH($AB$9,Dienstplan!$BK$8:$CO$19))))) -> 0 | J40: =SUMPRODUCT((ISNUMBER(SEARCH($Y7,Dienstplan!$B$8:$B$19))*(ISNUMBER(SEARCH($AB$10,Dienstplan!$BK$8:$CO$19))))) -> 0 | K40: =SUMPRODUCT((ISNUMBER(SEARCH($Y7,Dienstplan!$B$8:$B$19))*(ISNUMBER(SEARCH($AB$11,Dienstplan!$BK$8:$CO$19)))))-$Q40 -> 0 | L40: =SUMPRODUCT((ISNUMBER(SEARCH($Y7,Dienstplan!$B$8:$B$19))*(ISNUMBER(SEARCH($AB$12,Dienstplan!$BK$8:$CO$19))))) -> 0 | M40: =SUMPRODUCT((ISNUMBER(SEARCH($Y7,Dienstplan!$B$8:$B$19))*(ISNUMBER(SEARCH($AB$13,Dienstplan!$BK$8:$CO$19))))) -> 0 | N40: =SUMPRODUCT((ISNUMBER(SEARCH($Y7,Dienstplan!$B$8:$B$19))*(ISNUMBER(SEARCH($AB$14,Dienstplan!$BK$8:$CO$19))))) -> 0 | O40: =SUMPRODUCT((ISNUMBER(SEARCH($Y7,Dienstplan!$B$8:$B$19))*(ISNUMBER(SEARCH($AB$15,Dienstplan!$BK$8:$CO$19))))) -> 0 | P40: =SUMPRODUCT((ISNUMBER(SEARCH($Y7,Dienstplan!$B$8:$B$19))*(ISNUMBER(SEARCH($AB$16,Dienstplan!$BK$8:$CO$19))))) -> 0 | Q40: =SUMPRODUCT((ISNUMBER(SEARCH($Y7,Dienstplan!$B$8:$B$19))*(ISNUMBER(SEARCH($AB$17,Dienstplan!$BK$8:$CO$19))))) -> 0 | R40: =SUMPRODUCT((ISNUMBER(SEARCH($Y7,Dienstplan!$B$8:$B$19))*(ISNUMBER(SEARCH($AB$18,Dienstplan!$BK$8:$CO$19))))) -> 0 | S40: =SUMPRODUCT((ISNUMBER(SEARCH($Y7,Dienstplan!$B$8:$B$19))*(ISNUMBER(SEARCH($AB$19,Dienstplan!$BK$8:$CO$19))))) -> 1 | T40: =SUM($F$34*$Z7) -> 161 | U40: =SUM($C40*Frueh_1+$D40*Spaet_1+$E40*Nacht_1+$F40*Normal_1+$I40*Sonderd_1-$J40*Krie_B+$K40*Krie_B+$L40*EH_Kurs+$M40*Koor_taet+$N40*Sekre_1+$O40*Krie_B+$R40*Krie_B+$P40*Krie_B+$Q40*Krie_B+G40*Krie_B+H40*Krie_B) -> 135 | V40: =SUM($U40-$T40) -> -26 | W40: =V40+W24 -> -21.25
B41: =B9 -> Zeller | C41: =SUMPRODUCT((ISNUMBER(SEARCH($Y8,Dienstplan!$B$8:$B$19))*(ISNUMBER(SEARCH($AB$3,Dienstplan!$BK$8:$CO$19)))))-D41 -> 1 | D41: =SUMPRODUCT((ISNUMBER(SEARCH($Y8,Dienstplan!$B$8:$B$19))*(ISNUMBER(SEARCH($AB$4,Dienstplan!$BK$8:$CO$19))))) -> 0 | E41: =SUMPRODUCT((ISNUMBER(SEARCH($Y8,Dienstplan!$B$8:$B$19))*(ISNUMBER(SEARCH($AB$5,Dienstplan!$BK$8:$CO$19))))) -> 2 | F41: =SUMPRODUCT((ISNUMBER(SEARCH($Y8,Dienstplan!$B$8:$B$19))*(ISNUMBER(SEARCH($AB$6,Dienstplan!$BK$8:$CO$19))))) -> 4 | G41: =SUMPRODUCT((ISNUMBER(SEARCH($Y8,Dienstplan!$B$8:$B$19))*(ISNUMBER(SEARCH($AB$7,Dienstplan!$BK$8:$CO$19)))))-H41 -> 5 | H41: =SUMPRODUCT((ISNUMBER(SEARCH($Y8,Dienstplan!$B$8:$B$19))*(ISNUMBER(SEARCH($AB$8,Dienstplan!$BK$8:$CO$19))))) -> 0 | I41: =SUMPRODUCT((ISNUMBER(SEARCH($Y8,Dienstplan!$B$8:$B$19))*(ISNUMBER(SEARCH($AB$9,Dienstplan!$BK$8:$CO$19))))) -> 0 | J41: =SUMPRODUCT((ISNUMBER(SEARCH($Y8,Dienstplan!$B$8:$B$19))*(ISNUMBER(SEARCH($AB$10,Dienstplan!$BK$8:$CO$19))))) -> 1 | K41: =SUMPRODUCT((ISNUMBER(SEARCH($Y8,Dienstplan!$B$8:$B$19))*(ISNUMBER(SEARCH($AB$11,Dienstplan!$BK$8:$CO$19)))))-$Q41 -> 2 | L41: =SUMPRODUCT((ISNUMBER(SEARCH($Y8,Dienstplan!$B$8:$B$19))*(ISNUMBER(SEARCH($AB$12,Dienstplan!$BK$8:$CO$19))))) -> 0 | M41: =SUMPRODUCT((ISNUMBER(SEARCH($Y8,Dienstplan!$B$8:$B$19))*(ISNUMBER(SEARCH($AB$13,Dienstplan!$BK$8:$CO$19))))) -> 0 | N41: =SUMPRODUCT((ISNUMBER(SEARCH($Y8,Dienstplan!$B$8:$B$19))*(ISNUMBER(SEARCH($AB$14,Dienstplan!$BK$8:$CO$19))))) -> 0 | O41: =SUMPRODUCT((ISNUMBER(SEARCH($Y8,Dienstplan!$B$8:$B$19))*(ISNUMBER(SEARCH($AB$15,Dienstplan!$BK$8:$CO$19))))) -> 2 | P41: =SUMPRODUCT((ISNUMBER(SEARCH($Y8,Dienstplan!$B$8:$B$19))*(ISNUMBER(SEARCH($AB$16,Dienstplan!$BK$8:$CO$19))))) -> 0 | Q41: =SUMPRODUCT((ISNUMBER(SEARCH($Y8,Dienstplan!$B$8:$B$19))*(ISNUMBER(SEARCH($AB$17,Dienstplan!$BK$8:$CO$19))))) -> 0 | R41: =SUMPRODUCT((ISNUMBER(SEARCH($Y8,Dienstplan!$B$8:$B$19))*(ISNUMBER(SEARCH($AB$18,Dienstplan!$BK$8:$CO$19))))) -> 0 | S41: =SUMPRODUCT((ISNUMBER(SEARCH($Y8,Dienstplan!$B$8:$B$19))*(ISNUMBER(SEARCH($AB$19,Dienstplan!$BK$8:$CO$19))))) -> 0 | T41: =SUM($F$34*$Z8) -> 184 | U41: =SUM($C41*Frueh_1+$D41*Spaet_1+$E41*Nacht_1+$F41*Normal_1+$I41*Sonderd_1-$J41*Muster+$K41*Muster+$L41*EH_Kurs+$M41*Koor_taet+$N41*Sekre_1+$O41*Muster+$P41*Muster+$Q41*Muster+$R41*Muster+G41*Muster+H41*Muster) -> 116.25 | V41: =SUM($U41-$T41) -> -67.75 | W41: =V41+W25 -> -120.25
B42: =B10 -> Behrendt | C42: {=SUMPRODUCT((ISNUMBER(SEARCH($Y9,Dienstplan!$B$8:$B$19))*(ISNUMBER(SEARCH($AB$3,Dienstplan!$BK$8:$CO$19)))))-D42} -> 5 | D42: {=SUMPRODUCT((ISNUMBER(SEARCH($Y9,Dienstplan!$B$8:$B$19))*(ISNUMBER(SEARCH($AB$4,Dienstplan!$BK$8:$CO$19)))))} -> 0 | E42: {=SUMPRODUCT((ISNUMBER(SEARCH($Y9,Dienstplan!$B$8:$B$19))*(ISNUMBER(SEARCH($AB$5,Dienstplan!$BK$8:$CO$19)))))} -> 3 | F42: {=SUMPRODUCT((ISNUMBER(SEARCH($Y9,Dienstplan!$B$8:$B$19))*(ISNUMBER(SEARCH($AB$6,Dienstplan!$BK$8:$CO$19)))))} -> 5 | G42: =SUMPRODUCT((ISNUMBER(SEARCH($Y9,Dienstplan!$B$8:$B$19))*(ISNUMBER(SEARCH($AB$7,Dienstplan!$BK$8:$CO$19)))))-H42 -> 0 | H42: =SUMPRODUCT((ISNUMBER(SEARCH($Y9,Dienstplan!$B$8:$B$19))*(ISNUMBER(SEARCH($AB$8,Dienstplan!$BK$8:$CO$19))))) -> 0 | I42: =SUMPRODUCT((ISNUMBER(SEARCH($Y9,Dienstplan!$B$8:$B$19))*(ISNUMBER(SEARCH($AB$9,Dienstplan!$BK$8:$CO$19))))) -> 0 | J42: =SUMPRODUCT((ISNUMBER(SEARCH($Y9,Dienstplan!$B$8:$B$19))*(ISNUMBER(SEARCH($AB$10,Dienstplan!$BK$8:$CO$19))))) -> 0 | K42: =SUMPRODUCT((ISNUMBER(SEARCH($Y9,Dienstplan!$B$8:$B$19))*(ISNUMBER(SEARCH($AB$11,Dienstplan!$BK$8:$CO$19)))))-$Q42 -> 0 | L42: =SUMPRODUCT((ISNUMBER(SEARCH($Y9,Dienstplan!$B$8:$B$19))*(ISNUMBER(SEARCH($AB$12,Dienstplan!$BK$8:$CO$19))))) -> 0 | M42: =SUMPRODUCT((ISNUMBER(SEARCH($Y9,Dienstplan!$B$8:$B$19))*(ISNUMBER(SEARCH($AB$13,Dienstplan!$BK$8:$CO$19))))) -> 0 | N42: =SUMPRODUCT((ISNUMBER(SEARCH($Y9,Dienstplan!$B$8:$B$19))*(ISNUMBER(SEARCH($AB$14,Dienstplan!$BK$8:$CO$19))))) -> 0 | O42: =SUMPRODUCT((ISNUMBER(SEARCH($Y9,Dienstplan!$B$8:$B$19))*(ISNUMBER(SEARCH($AB$15,Dienstplan!$BK$8:$CO$19))))) -> 2 | P42: =SUMPRODUCT((ISNUMBER(SEARCH($Y9,Dienstplan!$B$8:$B$19))*(ISNUMBER(SEARCH($AB$16,Dienstplan!$BK$8:$CO$19))))) -> 0 | Q42: =SUMPRODUCT((ISNUMBER(SEARCH($Y9,Dienstplan!$B$8:$B$19))*(ISNUMBER(SEARCH($AB$17,Dienstplan!$BK$8:$CO$19))))) -> 0 | R42: =SUMPRODUCT((ISNUMBER(SEARCH($Y9,Dienstplan!$B$8:$B$19))*(ISNUMBER(SEARCH($AB$18,Dienstplan!$BK$8:$CO$19))))) -> 0 | S42: =SUMPRODUCT((ISNUMBER(SEARCH($Y9,Dienstplan!$B$8:$B$19))*(ISNUMBER(SEARCH($AB$19,Dienstplan!$BK$8:$CO$19))))) -> 1 | T42: =SUM($F$34*$Z9) -> 161 | U42: =SUM($C42*Frueh_1+$D42*Spaet_1+$E42*Nacht_1+$F42*Normal_1+$I42*Sonderd_1-$J42*Muster+$K42*Muster+$L42*EH_Kurs+$M42*Koor_taet+$N42*Sekre_1+$O42*Muster+$P42*Muster+$Q42*Muster+$R42*Muster+G42*Muster+H42*Muster) -> 112.25 | V42: =SUM($U42-$T42) -> -48.75 | W42: =V42+W26 -> -120.95
B43: =B11 -> Krempl | C43: =SUMPRODUCT((ISNUMBER(SEARCH($Y10,Dienstplan!$B$8:$B$19))*(ISNUMBER(SEARCH($AB$3,Dienstplan!$BK$8:$CO$19)))))-D43 -> 0 | D43: =SUMPRODUCT((ISNUMBER(SEARCH($Y10,Dienstplan!$B$8:$B$19))*(ISNUMBER(SEARCH($AB$4,Dienstplan!$BK$8:$CO$19))))) -> 0 | E43: =SUMPRODUCT((ISNUMBER(SEARCH($Y10,Dienstplan!$B$8:$B$19))*(ISNUMBER(SEARCH($AB$5,Dienstplan!$BK$8:$CO$19))))) -> 0 | F43: =SUMPRODUCT((ISNUMBER(SEARCH($Y10,Dienstplan!$B$8:$B$19))*(ISNUMBER(SEARCH($AB$6,Dienstplan!$BK$8:$CO$19))))) -> 0 | G43: =SUMPRODUCT((ISNUMBER(SEARCH($Y10,Dienstplan!$B$8:$B$19))*(ISNUMBER(SEARCH($AB$7,Dienstplan!$BK$8:$CO$19)))))-H43 -> 5 | H43: =SUMPRODUCT((ISNUMBER(SEARCH($Y10,Dienstplan!$B$8:$B$19))*(ISNUMBER(SEARCH($AB$8,Dienstplan!$BK$8:$CO$19))))) -> 0 | I43: =SUMPRODUCT((ISNUMBER(SEARCH($Y10,Dienstplan!$B$8:$B$19))*(ISNUMBER(SEARCH($AB$9,Dienstplan!$BK$8:$CO$19))))) -> 0 | J43: =SUMPRODUCT((ISNUMBER(SEARCH($Y10,Dienstplan!$B$8:$B$19))*(ISNUMBER(SEARCH($AB$10,Dienstplan!$BK$8:$CO$19))))) -> 5 | K43: =SUMPRODUCT((ISNUMBER(SEARCH($Y10,Dienstplan!$B$8:$B$19))*(ISNUMBER(SEARCH($AB$11,Dienstplan!$BK$8:$CO$19)))))-$Q43 -> 0 | L43: =SUMPRODUCT((ISNUMBER(SEARCH($Y10,Dienstplan!$B$8:$B$19))*(ISNUMBER(SEARCH($AB$12,Dienstplan!$BK$8:$CO$19))))) -> 1 | M43: =SUMPRODUCT((ISNUMBER(SEARCH($Y10,Dienstplan!$B$8:$B$19))*(ISNUMBER(SEARCH($AB$13,Dienstplan!$BK$8:$CO$19))))) -> 0 | N43: =SUMPRODUCT((ISNUMBER(SEARCH($Y10,Dienstplan!$B$8:$B$19))*(ISNUMBER(SEARCH($AB$14,Dienstplan!$BK$8:$CO$19))))) -> 0 | O43: =SUMPRODUCT((ISNUMBER(SEARCH($Y10,Dienstplan!$B$8:$B$19))*(ISNUMBER(SEARCH($AB$15,Dienstplan!$BK$8:$CO$19))))) -> 0 | P43: =SUMPRODUCT((ISNUMBER(SEARCH($Y10,Dienstplan!$B$8:$B$19))*(ISNUMBER(SEARCH($AB$16,Dienstplan!$BK$8:$CO$19))))) -> 0 | Q43: =SUMPRODUCT((ISNUMBER(SEARCH($Y10,Dienstplan!$B$8:$B$19))*(ISNUMBER(SEARCH($AB$17,Dienstplan!$BK$8:$CO$19))))) -> 0 | R43: =SUMPRODUCT((ISNUMBER(SEARCH($Y10,Dienstplan!$B$8:$B$19))*(ISNUMBER(SEARCH($AB$18,Dienstplan!$BK$8:$CO$19))))) -> 0 | S43: =SUMPRODUCT((ISNUMBER(SEARCH($Y10,Dienstplan!$B$8:$B$19))*(ISNUMBER(SEARCH($AB$19,Dienstplan!$BK$8:$CO$19))))) -> 1 | T43: =SUM($F$34*$Z10) -> 73.6 | U43: =SUM($C43*Frueh_1+$D43*Spaet_1+$E43*Nacht_1+$F43*Normal_1+$I43*Sonderd_1-$J43*Krem_E+$K43*Krem_E+$L43*EH_Kurs+$M43*Koor_taet+$N43*Sekre_1+$O43*Krem_E+$R43*Krem_E+$P43*Krem_E+$Q43*Krem_E+G43*Krem_E+H43*Krem_E) -> 8 | V43: =SUM($U43-$T43) -> -65.6 | W43: =V43+W27 -> -147.1
B44: =B12 -> Putschler | C44: =SUMPRODUCT((ISNUMBER(SEARCH($Y11,Dienstplan!$B$8:$B$19))*(ISNUMBER(SEARCH($AB$3,Dienstplan!$BK$8:$CO$19)))))-D44 -> 0 | D44: =SUMPRODUCT((ISNUMBER(SEARCH($Y11,Dienstplan!$B$8:$B$19))*(ISNUMBER(SEARCH($AB$4,Dienstplan!$BK$8:$CO$19))))) -> 0 | E44: =SUMPRODUCT((ISNUMBER(SEARCH($Y11,Dienstplan!$B$8:$B$19))*(ISNUMBER(SEARCH($AB$5,Dienstplan!$BK$8:$CO$19))))) -> 0 | F44: =SUMPRODUCT((ISNUMBER(SEARCH($Y11,Dienstplan!$B$8:$B$19))*(ISNUMBER(SEARCH($AB$6,Dienstplan!$BK$8:$CO$19))))) -> 0 | G44: =SUMPRODUCT((ISNUMBER(SEARCH($Y11,Dienstplan!$B$8:$B$19))*(ISNUMBER(SEARCH($AB$7,Dienstplan!$BK$8:$CO$19)))))-H44 -> 0 | H44: =SUMPRODUCT((ISNUMBER(SEARCH($Y11,Dienstplan!$B$8:$B$19))*(ISNUMBER(SEARCH($AB$8,Dienstplan!$BK$8:$CO$19))))) -> 0 | I44: =SUMPRODUCT((ISNUMBER(SEARCH($Y11,Dienstplan!$B$8:$B$19))*(ISNUMBER(SEARCH($AB$9,Dienstplan!$BK$8:$CO$19))))) -> 0 | J44: =SUMPRODUCT((ISNUMBER(SEARCH($Y11,Dienstplan!$B$8:$B$19))*(ISNUMBER(SEARCH($AB$10,Dienstplan!$BK$8:$CO$19))))) -> 0 | K44: =SUMPRODUCT((ISNUMBER(SEARCH($Y11,Dienstplan!$B$8:$B$19))*(ISNUMBER(SEARCH($AB$11,Dienstplan!$BK$8:$CO$19)))))-$Q44 -> 0 | L44: =SUMPRODUCT((ISNUMBER(SEARCH($Y11,Dienstplan!$B$8:$B$19))*(ISNUMBER(SEARCH($AB$12,Dienstplan!$BK$8:$CO$19))))) -> 0 | M44: =SUMPRODUCT((ISNUMBER(SEARCH($Y11,Dienstplan!$B$8:$B$19))*(ISNUMBER(SEARCH($AB$13,Dienstplan!$BK$8:$CO$19))))) -> 5 | N44: =SUMPRODUCT((ISNUMBER(SEARCH($Y11,Dienstplan!$B$8:$B$19))*(ISNUMBER(SEARCH($AB$14,Dienstplan!$BK$8:$CO$19))))) -> 0 | O44: =SUMPRODUCT((ISNUMBER(SEARCH($Y11,Dienstplan!$B$8:$B$19))*(ISNUMBER(SEARCH($AB$15,Dienstplan!$BK$8:$CO$19))))) -> 0 | P44: =SUMPRODUCT((ISNUMBER(SEARCH($Y11,Dienstplan!$B$8:$B$19))*(ISNUMBER(SEARCH($AB$16,Dienstplan!$BK$8:$CO$19))))) -> 0 | Q44: =SUMPRODUCT((ISNUMBER(SEARCH($Y11,Dienstplan!$B$8:$B$19))*(ISNUMBER(SEARCH($AB$17,Dienstplan!$BK$8:$CO$19))))) -> 0 | R44: =SUMPRODUCT((ISNUMBER(SEARCH($Y11,Dienstplan!$B$8:$B$19))*(ISNUMBER(SEARCH($AB$18,Dienstplan!$BK$8:$CO$19))))) -> 0 | S44: =SUMPRODUCT((ISNUMBER(SEARCH($Y11,Dienstplan!$B$8:$B$19))*(ISNUMBER(SEARCH($AB$19,Dienstplan!$BK$8:$CO$19))))) -> 0 | T44: =SUM($F$34*$Z11) -> 184 | U44: =SUM($C44*Frueh_1+$D44*Spaet_1+$E44*Nacht_1+$F44*Normal_1+$I44*Sonderd_1-$J44*Put_W+$K44*Put_W+$L44*EH_Kurs+$M44*Koor_taet+$N44*Sekre_1+$O44*Put_W+$R44*Put_W+$P44*Put_W+$Q44*Put_W+G44*Put_W+H44*Put_W) -> 40 | V44: =SUM($U44-$T44) -> -144 | W44: =V44+W28 -> -136
B45: =B13 -> Schmidt | C45: =SUMPRODUCT((ISNUMBER(SEARCH($Y12,Dienstplan!$B$8:$B$19))*(ISNUMBER(SEARCH($AB$3,Dienstplan!$BK$8:$CO$19)))))-D45 -> 0 | D45: =SUMPRODUCT((ISNUMBER(SEARCH($Y12,Dienstplan!$B$8:$B$19))*(ISNUMBER(SEARCH($AB$4,Dienstplan!$BK$8:$CO$19))))) -> 0 | E45: =SUMPRODUCT((ISNUMBER(SEARCH($Y12,Dienstplan!$B$8:$B$19))*(ISNUMBER(SEARCH($AB$5,Dienstplan!$BK$8:$CO$19))))) -> 0 | F45: =SUMPRODUCT((ISNUMBER(SEARCH($Y12,Dienstplan!$B$8:$B$19))*(ISNUMBER(SEARCH($AB$6,Dienstplan!$BK$8:$CO$19))))) -> 0 | G45: =SUMPRODUCT((ISNUMBER(SEARCH($Y12,Dienstplan!$B$8:$B$19))*(ISNUMBER(SEARCH($AB$7,Dienstplan!$BK$8:$CO$19)))))-H45 -> 0 | H45: =SUMPRODUCT((ISNUMBER(SEARCH($Y12,Dienstplan!$B$8:$B$19))*(ISNUMBER(SEARCH($AB$8,Dienstplan!$BK$8:$CO$19))))) -> 0 | I45: =SUMPRODUCT((ISNUMBER(SEARCH($Y12,Dienstplan!$B$8:$B$19))*(ISNUMBER(SEARCH($AB$9,Dienstplan!$BK$8:$CO$19))))) -> 0 | J45: =SUMPRODUCT((ISNUMBER(SEARCH($Y12,Dienstplan!$B$8:$B$19))*(ISNUMBER(SEARCH($AB$10,Dienstplan!$BK$8:$CO$19))))) -> 0 | K45: =SUMPRODUCT((ISNUMBER(SEARCH($Y12,Dienstplan!$B$8:$B$19))*(ISNUMBER(SEARCH($AB$11,Dienstplan!$BK$8:$CO$19)))))-$Q45 -> 2 | L45: =SUMPRODUCT((ISNUMBER(SEARCH($Y12,Dienstplan!$B$8:$B$19))*(ISNUMBER(SEARCH($AB$12,Dienstplan!$BK$8:$CO$19))))) -> 0 | M45: =SUMPRODUCT((ISNUMBER(SEARCH($Y12,Dienstplan!$B$8:$B$19))*(ISNUMBER(SEARCH($AB$13,Dienstplan!$BK$8:$CO$19))))) -> 0 | N45: =SUMPRODUCT((ISNUMBER(SEARCH($Y12,Dienstplan!$B$8:$B$19))*(ISNUMBER(SEARCH($AB$14,Dienstplan!$BK$8:$CO$19))))) -> 0 | O45: =SUMPRODUCT((ISNUMBER(SEARCH($Y12,Dienstplan!$B$8:$B$19))*(ISNUMBER(SEARCH($AB$15,Dienstplan!$BK$8:$CO$19))))) -> 0 | P45: =SUMPRODUCT((ISNUMBER(SEARCH($Y12,Dienstplan!$B$8:$B$19))*(ISNUMBER(SEARCH($AB$16,Dienstplan!$BK$8:$CO$19))))) -> 0 | Q45: =SUMPRODUCT((ISNUMBER(SEARCH($Y12,Dienstplan!$B$8:$B$19))*(ISNUMBER(SEARCH($AB$17,Dienstplan!$BK$8:$CO$19))))) -> 0 | R45: =SUMPRODUCT((ISNUMBER(SEARCH($Y12,Dienstplan!$B$8:$B$19))*(ISNUMBER(SEARCH($AB$18,Dienstplan!$BK$8:$CO$19))))) -> 0 | S45: =SUMPRODUCT((ISNUMBER(SEARCH($Y12,Dienstplan!$B$8:$B$19))*(ISNUMBER(SEARCH($AB$19,Dienstplan!$BK$8:$CO$19))))) -> 0 | T45: =SUM($F$34*$Z12) -> 161 | U45: =SUM($C45*Frueh_1+$D45*Spaet_1+$E45*Nacht_1+$F45*Normal_1+$I45*Sonderd_1-$J45*Radi_L+$K45*Radi_L+$L45*EH_Kurs+$M45*Koor_taet+$N45*Sekre_1+$O45*Radi_L+$R45*Radi_L+$P45*Radi_L+$Q45*Radi_L+G45*Radi_L+H45*Radi_L) -> 14 | V45: =SUM($U45-$T45) -> -147 | W45: =V45+W29 -> -434
B46: =B14 -> Radimersky | C46: =SUMPRODUCT((ISNUMBER(SEARCH($Y13,Dienstplan!$B$8:$B$19))*(ISNUMBER(SEARCH($AB$3,Dienstplan!$BK$8:$CO$19)))))-D46 -> 0 | D46: =SUMPRODUCT((ISNUMBER(SEARCH($Y13,Dienstplan!$B$8:$B$19))*(ISNUMBER(SEARCH($AB$4,Dienstplan!$BK$8:$CO$19))))) -> 0 | E46: =SUMPRODUCT((ISNUMBER(SEARCH($Y13,Dienstplan!$B$8:$B$19))*(ISNUMBER(SEARCH($AB$5,Dienstplan!$BK$8:$CO$19))))) -> 0 | F46: =SUMPRODUCT((ISNUMBER(SEARCH($Y13,Dienstplan!$B$8:$B$19))*(ISNUMBER(SEARCH($AB$6,Dienstplan!$BK$8:$CO$19))))) -> 0 | G46: =SUMPRODUCT((ISNUMBER(SEARCH($Y13,Dienstplan!$B$8:$B$19))*(ISNUMBER(SEARCH($AB$7,Dienstplan!$BK$8:$CO$19)))))-H46 -> 0 | H46: =SUMPRODUCT((ISNUMBER(SEARCH($Y13,Dienstplan!$B$8:$B$19))*(ISNUMBER(SEARCH($AB$8,Dienstplan!$BK$8:$CO$19))))) -> 0 | I46: =SUMPRODUCT((ISNUMBER(SEARCH($Y13,Dienstplan!$B$8:$B$19))*(ISNUMBER(SEARCH($AB$9,Dienstplan!$BK$8:$CO$19))))) -> 0 | J46: =SUMPRODUCT((ISNUMBER(SEARCH($Y13,Dienstplan!$B$8:$B$19))*(ISNUMBER(SEARCH($AB$10,Dienstplan!$BK$8:$CO$19))))) -> 0 | K46: =SUMPRODUCT((ISNUMBER(SEARCH($Y13,Dienstplan!$B$8:$B$19))*(ISNUMBER(SEARCH($AB$11,Dienstplan!$BK$8:$CO$19)))))-$Q46 -> 3 | L46: =SUMPRODUCT((ISNUMBER(SEARCH($Y13,Dienstplan!$B$8:$B$19))*(ISNUMBER(SEARCH($AB$12,Dienstplan!$BK$8:$CO$19))))) -> 0 | M46: =SUMPRODUCT((ISNUMBER(SEARCH($Y13,Dienstplan!$B$8:$B$19))*(ISNUMBER(SEARCH($AB$13,Dienstplan!$BK$8:$CO$19))))) -> 0 | N46: =SUMPRODUCT((ISNUMBER(SEARCH($Y13,Dienstplan!$B$8:$B$19))*(ISNUMBER(SEARCH($AB$14,Dienstplan!$BK$8:$CO$19))))) -> 0 | O46: =SUMPRODUCT((ISNUMBER(SEARCH($Y13,Dienstplan!$B$8:$B$19))*(ISNUMBER(SEARCH($AB$15,Dienstplan!$BK$8:$CO$19))))) -> 0 | P46: =SUMPRODUCT((ISNUMBER(SEARCH($Y13,Dienstplan!$B$8:$B$19))*(ISNUMBER(SEARCH($AB$16,Dienstplan!$BK$8:$CO$19))))) -> 0 | Q46: =SUMPRODUCT((ISNUMBER(SEARCH($Y13,Dienstplan!$B$8:$B$19))*(ISNUMBER(SEARCH($AB$17,Dienstplan!$BK$8:$CO$19))))) -> 0 | R46: =SUMPRODUCT((ISNUMBER(SEARCH($Y13,Dienstplan!$B$8:$B$19))*(ISNUMBER(SEARCH($AB$18,Dienstplan!$BK$8:$CO$19))))) -> 0 | S46: =SUMPRODUCT((ISNUMBER(SEARCH($Y13,Dienstplan!$B$8:$B$19))*(ISNUMBER(SEARCH($AB$19,Dienstplan!$BK$8:$CO$19))))) -> 0 | T46: =SUM($F$34*$Z13) -> 69 | U46: =SUM($C46*Frueh_1+$D46*Spaet_1+$E46*Nacht_1+$F46*Normal_1+$I46*Sonderd_1-$J46*Fortenb+$K46*Fortenb+$L46*EH_Kurs+$M46*Koor_taet+$N46*Sekre_1+$O46*Fortenb+$R46*Fortenb+$P46*Fortenb+$Q46*Fortenb+G46*Fortenb+H46*Fortenb) -> 9 | V46: =SUM($U46-$T46) -> -60 | W46: =V46+W30 -> -183
B48: Summe | C48: =SUM(C36:C47) -> 17 | D48: =SUM(D36:D47) -> 0 | E48: =SUM(E36:E47) -> 21 | F48: =SUM(F36:F47) -> 29 | G48: =SUM(G36:G47) -> 17 | H48: =SUM(H36:H47) -> 5 | I48: =SUM(I36:I47) -> 1 | J48: =SUM(J36:J47) -> 6 | ... S48: =SUM(S36:S47) -> 6 | T48: =SUM(T36:T44) -> 1453.6 | U48: =SUM(U36:U44) -> 864.25
B50: April | D50: Arbeitstage | F50: 18 | I50: Samstage | K50: 5
C51: =Jahr!C3 -> FI | D51: =Jahr!D3 -> FII | E51: =Jahr!E3 -> SI | F51: =Jahr!F3 -> NI | G51: =Jahr!G3 -> DI | H51: =Jahr!H3 -> DII | I51: =Jahr!I3 -> SD | J51: =Jahr!J3 -> GT | ... S51: =Jahr!S3 -> NST | T51: Soll AZ | U51: Ist AZ | V51: Differenz | W51: Gesamt
B52: =B4 -> Breig | C52: =SUMPRODUCT((ISNUMBER(SEARCH($Y3,Dienstplan!$B$8:$B$19))*(ISNUMBER(SEARCH($AB$3,Dienstplan!$CP$8:$DS$19)))))-D52 -> 5 | D52: =SUMPRODUCT((ISNUMBER(SEARCH($Y3,Dienstplan!$B$8:$B$19))*(ISNUMBER(SEARCH($AB$4,Dienstplan!$CP$8:$DS$19))))) -> 0 | E52: =SUMPRODUCT((ISNUMBER(SEARCH($Y3,Dienstplan!$B$8:$B$19))*(ISNUMBER(SEARCH($AB$5,Dienstplan!$CP$8:$DS$19))))) -> 5 | F52: =SUMPRODUCT((ISNUMBER(SEARCH($Y3,Dienstplan!$B$8:$B$19))*(ISNUMBER(SEARCH($AB$6,Dienstplan!$CP$8:$DS$19))))) -> 3 | G52: =SUMPRODUCT((ISNUMBER(SEARCH($Y3,Dienstplan!$B$8:$B$19))*(ISNUMBER(SEARCH($AB$7,Dienstplan!$CP$8:$DS$19)))))-H52 -> 0 | H52: =SUMPRODUCT((ISNUMBER(SEARCH($Y3,Dienstplan!$B$8:$B$19))*(ISNUMBER(SEARCH($AB$8,Dienstplan!$CP$8:$DS$19))))) -> 0 | I52: =SUMPRODUCT((ISNUMBER(SEARCH($Y3,Dienstplan!$B$8:$B$19))*(ISNUMBER(SEARCH($AB$9,Dienstplan!$CP$8:$DS$19))))) -> 0 | J52: =SUMPRODUCT((ISNUMBER(SEARCH($Y3,Dienstplan!$B$8:$B$19))*(ISNUMBER(SEARCH($AB$10,Dienstplan!$CP$8:$DS$19))))) -> 0 | K52: =SUMPRODUCT((ISNUMBER(SEARCH($Y3,Dienstplan!$B$8:$B$19))*(ISNUMBER(SEARCH($AB$11,Dienstplan!$CP$8:$DS$19)))))-$Q52 -> 0 | L52: =SUMPRODUCT((ISNUMBER(SEARCH($Y3,Dienstplan!$B$8:$B$19))*(ISNUMBER(SEARCH($AB$12,Dienstplan!$CP$8:$DS$19))))) -> 0 | M52: =SUMPRODUCT((ISNUMBER(SEARCH($Y3,Dienstplan!$B$8:$B$19))*(ISNUMBER(SEARCH($AB$13,Dienstplan!$CP$8:$DS$19))))) -> 0 | N52: =SUMPRODUCT((ISNUMBER(SEARCH($Y3,Dienstplan!$B$8:$B$19))*(ISNUMBER(SEARCH($AB$14,Dienstplan!$CP$8:$DS$19))))) -> 0 | O52: =SUMPRODUCT((ISNUMBER(SEARCH($Y3,Dienstplan!$B$8:$B$19))*(ISNUMBER(SEARCH($AB$15,Dienstplan!$CP$8:$DS$19))))) -> 0 | P52: =SUMPRODUCT((ISNUMBER(SEARCH($Y3,Dienstplan!$B$8:$B$19))*(ISNUMBER(SEARCH($AB$16,Dienstplan!$CP$8:$DS$19))))) -> 0 | Q52: =SUMPRODUCT((ISNUMBER(SEARCH($Y3,Dienstplan!$B$8:$B$19))*(ISNUMBER(SEARCH($AB$17,Dienstplan!$CP$8:$DS$19))))) -> 0 | R52: =SUMPRODUCT((ISNUMBER(SEARCH($Y3,Dienstplan!$B$8:$B$19))*(ISNUMBER(SEARCH($AB$18,Dienstplan!$CP$8:$DS$19))))) -> 0 | S52: =SUMPRODUCT((ISNUMBER(SEARCH($Y3,Dienstplan!$B$8:$B$19))*(ISNUMBER(SEARCH($AB$19,Dienstplan!$CP$8:$DS$19))))) -> 1 | T52: =SUM($F$50*$Z3) -> 144 | U52: =SUM($C52*Frueh_1+$D52*Spaet_1+$E52*Nacht_1+$F52*Normal_1+$I52*Sonderd_1-$J52*Velten+$K52*Velten+$L52*EH_Kurs+$M52*Koor_taet+$N52*Sekre_1+$O52*Velten+$R52*Velten+$P52*Velten+$Q52*Velten+G52*Velt_M+H52*Velt_M) -> 96.25 | V52: =SUM($U52-$T52) -> -47.75 | W52: =V52+W36 -> -126.5
B53: =B5 -> Siebert | C53: =SUMPRODUCT((ISNUMBER(SEARCH($Y4,Dienstplan!$B$8:$B$19))*(ISNUMBER(SEARCH($AB$3,Dienstplan!$CP$8:$DS$19)))))-D53 -> 0 | D53: =SUMPRODUCT((ISNUMBER(SEARCH($Y4,Dienstplan!$B$8:$B$19))*(ISNUMBER(SEARCH($AB$4,Dienstplan!$CP$8:$DS$19))))) -> 0 | E53: =SUMPRODUCT((ISNUMBER(SEARCH($Y4,Dienstplan!$B$8:$B$19))*(ISNUMBER(SEARCH($AB$5,Dienstplan!$CP$8:$DS$19))))) -> 0 | F53: =SUMPRODUCT((ISNUMBER(SEARCH($Y4,Dienstplan!$B$8:$B$19))*(ISNUMBER(SEARCH($AB$6,Dienstplan!$CP$8:$DS$19))))) -> 5 | G53: =SUMPRODUCT((ISNUMBER(SEARCH($Y4,Dienstplan!$B$8:$B$19))*(ISNUMBER(SEARCH($AB$7,Dienstplan!$CP$8:$DS$19)))))-H53 -> 0 | H53: =SUMPRODUCT((ISNUMBER(SEARCH($Y4,Dienstplan!$B$8:$B$19))*(ISNUMBER(SEARCH($AB$8,Dienstplan!$CP$8:$DS$19))))) -> 0 | I53: =SUMPRODUCT((ISNUMBER(SEARCH($Y4,Dienstplan!$B$8:$B$19))*(ISNUMBER(SEARCH($AB$9,Dienstplan!$CP$8:$DS$19))))) -> 0 | J53: =SUMPRODUCT((ISNUMBER(SEARCH($Y4,Dienstplan!$B$8:$B$19))*(ISNUMBER(SEARCH($AB$10,Dienstplan!$CP$8:$DS$19))))) -> 0 | K53: =SUMPRODUCT((ISNUMBER(SEARCH($Y4,Dienstplan!$B$8:$B$19))*(ISNUMBER(SEARCH($AB$11,Dienstplan!$CP$8:$DS$19)))))-$Q53 -> 7 | L53: =SUMPRODUCT((ISNUMBER(SEARCH($Y4,Dienstplan!$B$8:$B$19))*(ISNUMBER(SEARCH($AB$12,Dienstplan!$CP$8:$DS$19))))) -> 0 | M53: =SUMPRODUCT((ISNUMBER(SEARCH($Y4,Dienstplan!$B$8:$B$19))*(ISNUMBER(SEARCH($AB$13,Dienstplan!$CP$8:$DS$19))))) -> 0 | N53: =SUMPRODUCT((ISNUMBER(SEARCH($Y4,Dienstplan!$B$8:$B$19))*(ISNUMBER(SEARCH($AB$14,Dienstplan!$CP$8:$DS$19))))) -> 0 | O53: =SUMPRODUCT((ISNUMBER(SEARCH($Y4,Dienstplan!$B$8:$B$19))*(ISNUMBER(SEARCH($AB$15,Dienstplan!$CP$8:$DS$19))))) -> 0 | P53: =SUMPRODUCT((ISNUMBER(SEARCH($Y4,Dienstplan!$B$8:$B$19))*(ISNUMBER(SEARCH($AB$16,Dienstplan!$CP$8:$DS$19))))) -> 0 | Q53: =SUMPRODUCT((ISNUMBER(SEARCH($Y4,Dienstplan!$B$8:$B$19))*(ISNUMBER(SEARCH($AB$17,Dienstplan!$CP$8:$DS$19))))) -> 0 | R53: =SUMPRODUCT((ISNUMBER(SEARCH($Y4,Dienstplan!$B$8:$B$19))*(ISNUMBER(SEARCH($AB$18,Dienstplan!$CP$8:$DS$19))))) -> 0 | S53: =SUMPRODUCT((ISNUMBER(SEARCH($Y4,Dienstplan!$B$8:$B$19))*(ISNUMBER(SEARCH($AB$19,Dienstplan!$CP$8:$DS$19))))) -> 1 | T53: =SUM($F$50*$Z4) -> 126 | U53: =SUM($C53*Frueh_1+$D53*Spaet_1+$E53*Nacht_1+$F53*Normal_1+$I53*Sonderd_1-$J53*Brue_H+$K53*Brue_H+$L53*EH_Kurs+$M53*Koor_taet+$N53*Sekre_1+$O53*Brue_H+$R53*Brue_H+$P53*Brue_H+$Q53*Brue_H+G53*Brue_H+H53*Brue_H) -> 86.5 | V53: =SUM($U53-$T53) -> -39.5 | W53: =V53+W37 -> -81.75
B54: =B6 -> Jochim | C54: =SUMPRODUCT((ISNUMBER(SEARCH($Y5,Dienstplan!$B$8:$B$19))*(ISNUMBER(SEARCH($AB$3,Dienstplan!$CP$8:$DS$19)))))-D54 -> 0 | D54: =SUMPRODUCT((ISNUMBER(SEARCH($Y5,Dienstplan!$B$8:$B$19))*(ISNUMBER(SEARCH($AB$4,Dienstplan!$CP$8:$DS$19))))) -> 0 | E54: =SUMPRODUCT((ISNUMBER(SEARCH($Y5,Dienstplan!$B$8:$B$19))*(ISNUMBER(SEARCH($AB$5,Dienstplan!$CP$8:$DS$19))))) -> 0 | F54: =SUMPRODUCT((ISNUMBER(SEARCH($Y5,Dienstplan!$B$8:$B$19))*(ISNUMBER(SEARCH($AB$6,Dienstplan!$CP$8:$DS$19))))) -> 0 | G54: =SUMPRODUCT((ISNUMBER(SEARCH($Y5,Dienstplan!$B$8:$B$19))*(ISNUMBER(SEARCH($AB$7,Dienstplan!$CP$8:$DS$19)))))-H54 -> 0 | H54: =SUMPRODUCT((ISNUMBER(SEARCH($Y5,Dienstplan!$B$8:$B$19))*(ISNUMBER(SEARCH($AB$8,Dienstplan!$CP$8:$DS$19))))) -> 0 | I54: =SUMPRODUCT((ISNUMBER(SEARCH($Y5,Dienstplan!$B$8:$B$19))*(ISNUMBER(SEARCH($AB$9,Dienstplan!$CP$8:$DS$19))))) -> 0 | J54: =SUMPRODUCT((ISNUMBER(SEARCH($Y5,Dienstplan!$B$8:$B$19))*(ISNUMBER(SEARCH($AB$10,Dienstplan!$CP$8:$DS$19))))) -> 0 | K54: =SUMPRODUCT((ISNUMBER(SEARCH($Y5,Dienstplan!$B$8:$B$19))*(ISNUMBER(SEARCH($AB$11,Dienstplan!$CP$8:$DS$19)))))-$Q54 -> 0 | L54: =SUMPRODUCT((ISNUMBER(SEARCH($Y5,Dienstplan!$B$8:$B$19))*(ISNUMBER(SEARCH($AB$12,Dienstplan!$CP$8:$DS$19))))) -> 0 | M54: =SUMPRODUCT((ISNUMBER(SEARCH($Y5,Dienstplan!$B$8:$B$19))*(ISNUMBER(SEARCH($AB$13,Dienstplan!$CP$8:$DS$19))))) -> 0 | N54: =SUMPRODUCT((ISNUMBER(SEARCH($Y5,Dienstplan!$B$8:$B$19))*(ISNUMBER(SEARCH($AB$14,Dienstplan!$CP$8:$DS$19))))) -> 0 | O54: =SUMPRODUCT((ISNUMBER(SEARCH($Y5,Dienstplan!$B$8:$B$19))*(ISNUMBER(SEARCH($AB$15,Dienstplan!$CP$8:$DS$19))))) -> 0 | P54: =SUMPRODUCT((ISNUMBER(SEARCH($Y5,Dienstplan!$B$8:$B$19))*(ISNUMBER(SEARCH($AB$16,Dienstplan!$CP$8:$DS$19))))) -> 0 | Q54: =SUMPRODUCT((ISNUMBER(SEARCH($Y5,Dienstplan!$B$8:$B$19))*(ISNUMBER(SEARCH($AB$17,Dienstplan!$CP$8:$DS$19))))) -> 0 | R54: =SUMPRODUCT((ISNUMBER(SEARCH($Y5,Dienstplan!$B$8:$B$19))*(ISNUMBER(SEARCH($AB$18,Dienstplan!$CP$8:$DS$19))))) -> 0 | S54: =SUMPRODUCT((ISNUMBER(SEARCH($Y5,Dienstplan!$B$8:$B$19))*(ISNUMBER(SEARCH($AB$19,Dienstplan!$CP$8:$DS$19))))) -> 0 | T54: =SUM($F$50*$Z5) -> 126 | U54: =SUM($C54*Frueh_1+$D54*Spaet_1+$E54*Nacht_1+$F54*Normal_1+$I54*Sonderd_1-$J54*Rath_M+$K54*Rath_M+$L54*EH_Kurs+$M54*Koor_taet+$N54*Sekre_1+$O54*Rath_M+$R54*Rath_M+$P54*Rath_M+$Q54*Rath_M+G54*Rath_M+H54*Rath_M) -> 0 | V54: =SUM($U54-$T54) -> -126 | W54: =V54+W38 -> -439.75
B55: =B7 -> Wunsch | C55: =SUMPRODUCT((ISNUMBER(SEARCH($Y6,Dienstplan!$B$8:$B$19))*(ISNUMBER(SEARCH($AB$3,Dienstplan!$CP$8:$DS$19)))))-D55 -> 0 | D55: =SUMPRODUCT((ISNUMBER(SEARCH($Y6,Dienstplan!$B$8:$B$19))*(ISNUMBER(SEARCH($AB$4,Dienstplan!$CP$8:$DS$19))))) -> 0 | E55: =SUMPRODUCT((ISNUMBER(SEARCH($Y6,Dienstplan!$B$8:$B$19))*(ISNUMBER(SEARCH($AB$5,Dienstplan!$CP$8:$DS$19))))) -> 0 | F55: =SUMPRODUCT((ISNUMBER(SEARCH($Y6,Dienstplan!$B$8:$B$19))*(ISNUMBER(SEARCH($AB$6,Dienstplan!$CP$8:$DS$19))))) -> 5 | G55: =SUMPRODUCT((ISNUMBER(SEARCH($Y6,Dienstplan!$B$8:$B$19))*(ISNUMBER(SEARCH($AB$7,Dienstplan!$CP$8:$DS$19)))))-H55 -> 0 | H55: =SUMPRODUCT((ISNUMBER(SEARCH($Y6,Dienstplan!$B$8:$B$19))*(ISNUMBER(SEARCH($AB$8,Dienstplan!$CP$8:$DS$19))))) -> 0 | I55: =SUMPRODUCT((ISNUMBER(SEARCH($Y6,Dienstplan!$B$8:$B$19))*(ISNUMBER(SEARCH($AB$9,Dienstplan!$CP$8:$DS$19))))) -> 0 | J55: =SUMPRODUCT((ISNUMBER(SEARCH($Y6,Dienstplan!$B$8:$B$19))*(ISNUMBER(SEARCH($AB$10,Dienstplan!$CP$8:$DS$19))))) -> 1 | K55: =SUMPRODUCT((ISNUMBER(SEARCH($Y6,Dienstplan!$B$8:$B$19))*(ISNUMBER(SEARCH($AB$11,Dienstplan!$CP$8:$DS$19)))))-$Q55 -> 0 | L55: =SUMPRODUCT((ISNUMBER(SEARCH($Y6,Dienstplan!$B$8:$B$19))*(ISNUMBER(SEARCH($AB$12,Dienstplan!$CP$8:$DS$19))))) -> 1 | M55: =SUMPRODUCT((ISNUMBER(SEARCH($Y6,Dienstplan!$B$8:$B$19))*(ISNUMBER(SEARCH($AB$13,Dienstplan!$CP$8:$DS$19))))) -> 0 | N55: =SUMPRODUCT((ISNUMBER(SEARCH($Y6,Dienstplan!$B$8:$B$19))*(ISNUMBER(SEARCH($AB$14,Dienstplan!$CP$8:$DS$19))))) -> 0 | O55: =SUMPRODUCT((ISNUMBER(SEARCH($Y6,Dienstplan!$B$8:$B$19))*(ISNUMBER(SEARCH($AB$15,Dienstplan!$CP$8:$DS$19))))) -> 3 | P55: =SUMPRODUCT((ISNUMBER(SEARCH($Y6,Dienstplan!$B$8:$B$19))*(ISNUMBER(SEARCH($AB$16,Dienstplan!$CP$8:$DS$19))))) -> 0 | Q55: =SUMPRODUCT((ISNUMBER(SEARCH($Y6,Dienstplan!$B$8:$B$19))*(ISNUMBER(SEARCH($AB$17,Dienstplan!$CP$8:$DS$19))))) -> 0 | R55: =SUMPRODUCT((ISNUMBER(SEARCH($Y6,Dienstplan!$B$8:$B$19))*(ISNUMBER(SEARCH($AB$18,Dienstplan!$CP$8:$DS$19))))) -> 0 | S55: =SUMPRODUCT((ISNUMBER(SEARCH($Y6,Dienstplan!$B$8:$B$19))*(ISNUMBER(SEARCH($AB$19,Dienstplan!$CP$8:$DS$19))))) -> 0 | T55: =SUM($F$50*$Z6) -> 144 | U55: =SUM($C55*Frueh_1+$D55*Spaet_1+$E55*Nacht_1+$F55*Normal_1+$I55*Sonderd_1-$J55*Scho_K+$K55*Scho_K+$L55*EH_Kurs+$M55*Koor_taet+$N55*Sekre_1+$O55*Scho_K+$R55*Scho_K+$P55*Scho_K+$Q55*Scho_K+G55*Scho_K+H55*Scho_K) -> 61.5 | V55: =SUM($U55-$T55) -> -82.5 | W55: =V55+W39 -> -194
B56: =B8 -> Göpfrich | C56: =SUMPRODUCT((ISNUMBER(SEARCH($Y7,Dienstplan!$B$8:$B$19))*(ISNUMBER(SEARCH($AB$3,Dienstplan!$CP$8:$DS$19)))))-D56 -> 0 | D56: =SUMPRODUCT((ISNUMBER(SEARCH($Y7,Dienstplan!$B$8:$B$19))*(ISNUMBER(SEARCH($AB$4,Dienstplan!$CP$8:$DS$19))))) -> 0 | E56: =SUMPRODUCT((ISNUMBER(SEARCH($Y7,Dienstplan!$B$8:$B$19))*(ISNUMBER(SEARCH($AB$5,Dienstplan!$CP$8:$DS$19))))) -> 6 | F56: =SUMPRODUCT((ISNUMBER(SEARCH($Y7,Dienstplan!$B$8:$B$19))*(ISNUMBER(SEARCH($AB$6,Dienstplan!$CP$8:$DS$19))))) -> 0 | G56: =SUMPRODUCT((ISNUMBER(SEARCH($Y7,Dienstplan!$B$8:$B$19))*(ISNUMBER(SEARCH($AB$7,Dienstplan!$CP$8:$DS$19)))))-H56 -> 0 | H56: =SUMPRODUCT((ISNUMBER(SEARCH($Y7,Dienstplan!$B$8:$B$19))*(ISNUMBER(SEARCH($AB$8,Dienstplan!$CP$8:$DS$19))))) -> 0 | I56: =SUMPRODUCT((ISNUMBER(SEARCH($Y7,Dienstplan!$B$8:$B$19))*(ISNUMBER(SEARCH($AB$9,Dienstplan!$CP$8:$DS$19))))) -> 0 | J56: =SUMPRODUCT((ISNUMBER(SEARCH($Y7,Dienstplan!$B$8:$B$19))*(ISNUMBER(SEARCH($AB$10,Dienstplan!$CP$8:$DS$19))))) -> 0 | K56: =SUMPRODUCT((ISNUMBER(SEARCH($Y7,Dienstplan!$B$8:$B$19))*(ISNUMBER(SEARCH($AB$11,Dienstplan!$CP$8:$DS$19)))))-$Q56 -> 4 | L56: =SUMPRODUCT((ISNUMBER(SEARCH($Y7,Dienstplan!$B$8:$B$19))*(ISNUMBER(SEARCH($AB$12,Dienstplan!$CP$8:$DS$19))))) -> 1 | M56: =SUMPRODUCT((ISNUMBER(SEARCH($Y7,Dienstplan!$B$8:$B$19))*(ISNUMBER(SEARCH($AB$13,Dienstplan!$CP$8:$DS$19))))) -> 0 | N56: =SUMPRODUCT((ISNUMBER(SEARCH($Y7,Dienstplan!$B$8:$B$19))*(ISNUMBER(SEARCH($AB$14,Dienstplan!$CP$8:$DS$19))))) -> 0 | O56: =SUMPRODUCT((ISNUMBER(SEARCH($Y7,Dienstplan!$B$8:$B$19))*(ISNUMBER(SEARCH($AB$15,Dienstplan!$CP$8:$DS$19))))) -> 0 | P56: =SUMPRODUCT((ISNUMBER(SEARCH($Y7,Dienstplan!$B$8:$B$19))*(ISNUMBER(SEARCH($AB$16,Dienstplan!$CP$8:$DS$19))))) -> 0 | Q56: =SUMPRODUCT((ISNUMBER(SEARCH($Y7,Dienstplan!$B$8:$B$19))*(ISNUMBER(SEARCH($AB$17,Dienstplan!$CP$8:$DS$19))))) -> 0 | R56: =SUMPRODUCT((ISNUMBER(SEARCH($Y7,Dienstplan!$B$8:$B$19))*(ISNUMBER(SEARCH($AB$18,Dienstplan!$CP$8:$DS$19))))) -> 0 | S56: =SUMPRODUCT((ISNUMBER(SEARCH($Y7,Dienstplan!$B$8:$B$19))*(ISNUMBER(SEARCH($AB$19,Dienstplan!$CP$8:$DS$19))))) -> 0 | T56: =SUM($F$50*$Z7) -> 126 | U56: =SUM($C56*Frueh_1+$D56*Spaet_1+$E56*Nacht_1+$F56*Normal_1+$I56*Sonderd_1-$J56*Krie_B+$K56*Krie_B+$L56*EH_Kurs+$M56*Koor_taet+$N56*Sekre_1+$O56*Krie_B+$R56*Krie_B+$P56*Krie_B+$Q56*Krie_B+G56*Krie_B+H56*Krie_B) -> 81 | V56: =SUM($U56-$T56) -> -45 | W56: =V56+W40 -> -66.25
B57: =B9 -> Zeller | C57: =SUMPRODUCT((ISNUMBER(SEARCH($Y8,Dienstplan!$B$8:$B$19))*(ISNUMBER(SEARCH($AB$3,Dienstplan!$CP$8:$DS$19)))))-D57 -> 0 | D57: =SUMPRODUCT((ISNUMBER(SEARCH($Y8,Dienstplan!$B$8:$B$19))*(ISNUMBER(SEARCH($AB$4,Dienstplan!$CP$8:$DS$19))))) -> 0 | E57: =SUMPRODUCT((ISNUMBER(SEARCH($Y8,Dienstplan!$B$8:$B$19))*(ISNUMBER(SEARCH($AB$5,Dienstplan!$CP$8:$DS$19))))) -> 4 | F57: =SUMPRODUCT((ISNUMBER(SEARCH($Y8,Dienstplan!$B$8:$B$19))*(ISNUMBER(SEARCH($AB$6,Dienstplan!$CP$8:$DS$19))))) -> 1 | G57: =SUMPRODUCT((ISNUMBER(SEARCH($Y8,Dienstplan!$B$8:$B$19))*(ISNUMBER(SEARCH($AB$7,Dienstplan!$CP$8:$DS$19)))))-H57 -> 0 | H57: =SUMPRODUCT((ISNUMBER(SEARCH($Y8,Dienstplan!$B$8:$B$19))*(ISNUMBER(SEARCH($AB$8,Dienstplan!$CP$8:$DS$19))))) -> 0 | I57: =SUMPRODUCT((ISNUMBER(SEARCH($Y8,Dienstplan!$B$8:$B$19))*(ISNUMBER(SEARCH($AB$9,Dienstplan!$CP$8:$DS$19))))) -> 0 | J57: =SUMPRODUCT((ISNUMBER(SEARCH($Y8,Dienstplan!$B$8:$B$19))*(ISNUMBER(SEARCH($AB$10,Dienstplan!$CP$8:$DS$19))))) -> 0 | K57: =SUMPRODUCT((ISNUMBER(SEARCH($Y8,Dienstplan!$B$8:$B$19))*(ISNUMBER(SEARCH($AB$11,Dienstplan!$CP$8:$DS$19)))))-$Q57 -> 9 | L57: =SUMPRODUCT((ISNUMBER(SEARCH($Y8,Dienstplan!$B$8:$B$19))*(ISNUMBER(SEARCH($AB$12,Dienstplan!$CP$8:$DS$19))))) -> 0 | M57: =SUMPRODUCT((ISNUMBER(SEARCH($Y8,Dienstplan!$B$8:$B$19))*(ISNUMBER(SEARCH($AB$13,Dienstplan!$CP$8:$DS$19))))) -> 0 | N57: =SUMPRODUCT((ISNUMBER(SEARCH($Y8,Dienstplan!$B$8:$B$19))*(ISNUMBER(SEARCH($AB$14,Dienstplan!$CP$8:$DS$19))))) -> 0 | O57: =SUMPRODUCT((ISNUMBER(SEARCH($Y8,Dienstplan!$B$8:$B$19))*(ISNUMBER(SEARCH($AB$15,Dienstplan!$CP$8:$DS$19))))) -> 0 | P57: =SUMPRODUCT((ISNUMBER(SEARCH($Y8,Dienstplan!$B$8:$B$19))*(ISNUMBER(SEARCH($AB$16,Dienstplan!$CP$8:$DS$19))))) -> 0 | Q57: =SUMPRODUCT((ISNUMBER(SEARCH($Y8,Dienstplan!$B$8:$B$19))*(ISNUMBER(SEARCH($AB$17,Dienstplan!$CP$8:$DS$19))))) -> 0 | R57: =SUMPRODUCT((ISNUMBER(SEARCH($Y8,Dienstplan!$B$8:$B$19))*(ISNUMBER(SEARCH($AB$18,Dienstplan!$CP$8:$DS$19))))) -> 0 | S57: =SUMPRODUCT((ISNUMBER(SEARCH($Y8,Dienstplan!$B$8:$B$19))*(ISNUMBER(SEARCH($AB$19,Dienstplan!$CP$8:$DS$19))))) -> 0 | T57: =SUM($F$50*$Z8) -> 144 | U57: =SUM($C57*Frueh_1+$D57*Spaet_1+$E57*Nacht_1+$F57*Normal_1+$I57*Sonderd_1-$J57*Muster+$K57*Muster+$L57*EH_Kurs+$M57*Koor_taet+$N57*Sekre_1+$O57*Muster+$P57*Muster+$Q57*Muster+$R57*Muster+G57*Muster+H57*Muster) -> 109.5 | V57: =SUM($U57-$T57) -> -34.5 | W57: =V57+W41 -> -154.75
B58: =B10 -> Behrendt | C58: =SUMPRODUCT((ISNUMBER(SEARCH($Y9,Dienstplan!$B$8:$B$19))*(ISNUMBER(SEARCH($AB$3,Dienstplan!$CP$8:$DS$19)))))-D58 -> 0 | D58: =SUMPRODUCT((ISNUMBER(SEARCH($Y9,Dienstplan!$B$8:$B$19))*(ISNUMBER(SEARCH($AB$4,Dienstplan!$CP$8:$DS$19))))) -> 0 | E58: =SUMPRODUCT((ISNUMBER(SEARCH($Y9,Dienstplan!$B$8:$B$19))*(ISNUMBER(SEARCH($AB$5,Dienstplan!$CP$8:$DS$19))))) -> 5 | F58: =SUMPRODUCT((ISNUMBER(SEARCH($Y9,Dienstplan!$B$8:$B$19))*(ISNUMBER(SEARCH($AB$6,Dienstplan!$CP$8:$DS$19))))) -> 5 | G58: =SUMPRODUCT((ISNUMBER(SEARCH($Y9,Dienstplan!$B$8:$B$19))*(ISNUMBER(SEARCH($AB$7,Dienstplan!$CP$8:$DS$19)))))-H58 -> 0 | H58: =SUMPRODUCT((ISNUMBER(SEARCH($Y9,Dienstplan!$B$8:$B$19))*(ISNUMBER(SEARCH($AB$8,Dienstplan!$CP$8:$DS$19))))) -> 0 | I58: =SUMPRODUCT((ISNUMBER(SEARCH($Y9,Dienstplan!$B$8:$B$19))*(ISNUMBER(SEARCH($AB$9,Dienstplan!$CP$8:$DS$19))))) -> 0 | J58: =SUMPRODUCT((ISNUMBER(SEARCH($Y9,Dienstplan!$B$8:$B$19))*(ISNUMBER(SEARCH($AB$10,Dienstplan!$CP$8:$DS$19))))) -> 0 | K58: =SUMPRODUCT((ISNUMBER(SEARCH($Y9,Dienstplan!$B$8:$B$19))*(ISNUMBER(SEARCH($AB$11,Dienstplan!$CP$8:$DS$19)))))-$Q58 -> 0 | L58: =SUMPRODUCT((ISNUMBER(SEARCH($Y9,Dienstplan!$B$8:$B$19))*(ISNUMBER(SEARCH($AB$12,Dienstplan!$CP$8:$DS$19))))) -> 0 | M58: =SUMPRODUCT((ISNUMBER(SEARCH($Y9,Dienstplan!$B$8:$B$19))*(ISNUMBER(SEARCH($AB$13,Dienstplan!$CP$8:$DS$19))))) -> 0 | N58: =SUMPRODUCT((ISNUMBER(SEARCH($Y9,Dienstplan!$B$8:$B$19))*(ISNUMBER(SEARCH($AB$14,Dienstplan!$CP$8:$DS$19))))) -> 0 | O58: =SUMPRODUCT((ISNUMBER(SEARCH($Y9,Dienstplan!$B$8:$B$19))*(ISNUMBER(SEARCH($AB$15,Dienstplan!$CP$8:$DS$19))))) -> 0 | P58: =SUMPRODUCT((ISNUMBER(SEARCH($Y9,Dienstplan!$B$8:$B$19))*(ISNUMBER(SEARCH($AB$16,Dienstplan!$CP$8:$DS$19))))) -> 0 | Q58: =SUMPRODUCT((ISNUMBER(SEARCH($Y9,Dienstplan!$B$8:$B$19))*(ISNUMBER(SEARCH($AB$17,Dienstplan!$CP$8:$DS$19))))) -> 0 | R58: =SUMPRODUCT((ISNUMBER(SEARCH($Y9,Dienstplan!$B$8:$B$19))*(ISNUMBER(SEARCH($AB$18,Dienstplan!$CP$8:$DS$19))))) -> 0 | S58: =SUMPRODUCT((ISNUMBER(SEARCH($Y9,Dienstplan!$B$8:$B$19))*(ISNUMBER(SEARCH($AB$19,Dienstplan!$CP$8:$DS$19))))) -> 1 | T58: =SUM($F$50*$Z9) -> 126 | U58: =SUM($C58*Frueh_1+$D58*Spaet_1+$E58*Nacht_1+$F58*Normal_1+$I58*Sonderd_1-$J58*Muster+$K58*Muster+$L58*EH_Kurs+$M58*Koor_taet+$N58*Sekre_1+$O58*Muster+$P58*Muster+$Q58*Muster+$R58*Muster+G58*Muster+H58*Muster) -> 75 | V58: =SUM($U58-$T58) -> -51 | W58: =V58+W42 -> -171.95
B59: =B11 -> Krempl | C59: =SUMPRODUCT((ISNUMBER(SEARCH($Y10,Dienstplan!$B$8:$B$19))*(ISNUMBER(SEARCH($AB$3,Dienstplan!$CP$8:$DS$19)))))-D59 -> 0 | D59: =SUMPRODUCT((ISNUMBER(SEARCH($Y10,Dienstplan!$B$8:$B$19))*(ISNUMBER(SEARCH($AB$4,Dienstplan!$CP$8:$DS$19))))) -> 0 | E59: =SUMPRODUCT((ISNUMBER(SEARCH($Y10,Dienstplan!$B$8:$B$19))*(ISNUMBER(SEARCH($AB$5,Dienstplan!$CP$8:$DS$19))))) -> 0 | F59: =SUMPRODUCT((ISNUMBER(SEARCH($Y10,Dienstplan!$B$8:$B$19))*(ISNUMBER(SEARCH($AB$6,Dienstplan!$CP$8:$DS$19))))) -> 0 | G59: =SUMPRODUCT((ISNUMBER(SEARCH($Y10,Dienstplan!$B$8:$B$19))*(ISNUMBER(SEARCH($AB$7,Dienstplan!$CP$8:$DS$19)))))-H59 -> 0 | H59: =SUMPRODUCT((ISNUMBER(SEARCH($Y10,Dienstplan!$B$8:$B$19))*(ISNUMBER(SEARCH($AB$8,Dienstplan!$CP$8:$DS$19))))) -> 0 | I59: =SUMPRODUCT((ISNUMBER(SEARCH($Y10,Dienstplan!$B$8:$B$19))*(ISNUMBER(SEARCH($AB$9,Dienstplan!$CP$8:$DS$19))))) -> 0 | J59: =SUMPRODUCT((ISNUMBER(SEARCH($Y10,Dienstplan!$B$8:$B$19))*(ISNUMBER(SEARCH($AB$10,Dienstplan!$CP$8:$DS$19))))) -> 1 | K59: =SUMPRODUCT((ISNUMBER(SEARCH($Y10,Dienstplan!$B$8:$B$19))*(ISNUMBER(SEARCH($AB$11,Dienstplan!$CP$8:$DS$19)))))-$Q59 -> 4 | L59: =SUMPRODUCT((ISNUMBER(SEARCH($Y10,Dienstplan!$B$8:$B$19))*(ISNUMBER(SEARCH($AB$12,Dienstplan!$CP$8:$DS$19))))) -> 0 | M59: =SUMPRODUCT((ISNUMBER(SEARCH($Y10,Dienstplan!$B$8:$B$19))*(ISNUMBER(SEARCH($AB$13,Dienstplan!$CP$8:$DS$19))))) -> 0 | N59: =SUMPRODUCT((ISNUMBER(SEARCH($Y10,Dienstplan!$B$8:$B$19))*(ISNUMBER(SEARCH($AB$14,Dienstplan!$CP$8:$DS$19))))) -> 0 | O59: =SUMPRODUCT((ISNUMBER(SEARCH($Y10,Dienstplan!$B$8:$B$19))*(ISNUMBER(SEARCH($AB$15,Dienstplan!$CP$8:$DS$19))))) -> 0 | P59: =SUMPRODUCT((ISNUMBER(SEARCH($Y10,Dienstplan!$B$8:$B$19))*(ISNUMBER(SEARCH($AB$16,Dienstplan!$CP$8:$DS$19))))) -> 0 | Q59: =SUMPRODUCT((ISNUMBER(SEARCH($Y10,Dienstplan!$B$8:$B$19))*(ISNUMBER(SEARCH($AB$17,Dienstplan!$CP$8:$DS$19))))) -> 0 | R59: =SUMPRODUCT((ISNUMBER(SEARCH($Y10,Dienstplan!$B$8:$B$19))*(ISNUMBER(SEARCH($AB$18,Dienstplan!$CP$8:$DS$19))))) -> 0 | S59: =SUMPRODUCT((ISNUMBER(SEARCH($Y10,Dienstplan!$B$8:$B$19))*(ISNUMBER(SEARCH($AB$19,Dienstplan!$CP$8:$DS$19))))) -> 0 | T59: =SUM($F$50*$Z10) -> 57.6 | U59: =SUM($C59*Frueh_1+$D59*Spaet_1+$E59*Nacht_1+$F59*Normal_1+$I59*Sonderd_1-$J59*Krem_E+$K59*Krem_E+$L59*EH_Kurs+$M59*Koor_taet+$N59*Sekre_1+$O59*Krem_E+$R59*Krem_E+$P59*Krem_E+$Q59*Krem_E+G59*Krem_E+H59*Krem_E) -> 9.6 | V59: =SUM($U59-$T59) -> -48 | W59: =V59+W43 -> -195.1
B60: =B12 -> Putschler | C60: =SUMPRODUCT((ISNUMBER(SEARCH($Y11,Dienstplan!$B$8:$B$19))*(ISNUMBER(SEARCH($AB$3,Dienstplan!$CP$8:$DS$19)))))-D60 -> 0 | D60: =SUMPRODUCT((ISNUMBER(SEARCH($Y11,Dienstplan!$B$8:$B$19))*(ISNUMBER(SEARCH($AB$4,Dienstplan!$CP$8:$DS$19))))) -> 0 | E60: =SUMPRODUCT((ISNUMBER(SEARCH($Y11,Dienstplan!$B$8:$B$19))*(ISNUMBER(SEARCH($AB$5,Dienstplan!$CP$8:$DS$19))))) -> 0 | F60: =SUMPRODUCT((ISNUMBER(SEARCH($Y11,Dienstplan!$B$8:$B$19))*(ISNUMBER(SEARCH($AB$6,Dienstplan!$CP$8:$DS$19))))) -> 0 | G60: =SUMPRODUCT((ISNUMBER(SEARCH($Y11,Dienstplan!$B$8:$B$19))*(ISNUMBER(SEARCH($AB$7,Dienstplan!$CP$8:$DS$19)))))-H60 -> 0 | H60: =SUMPRODUCT((ISNUMBER(SEARCH($Y11,Dienstplan!$B$8:$B$19))*(ISNUMBER(SEARCH($AB$8,Dienstplan!$CP$8:$DS$19))))) -> 0 | I60: =SUMPRODUCT((ISNUMBER(SEARCH($Y11,Dienstplan!$B$8:$B$19))*(ISNUMBER(SEARCH($AB$9,Dienstplan!$CP$8:$DS$19))))) -> 0 | J60: =SUMPRODUCT((ISNUMBER(SEARCH($Y11,Dienstplan!$B$8:$B$19))*(ISNUMBER(SEARCH($AB$10,Dienstplan!$CP$8:$DS$19))))) -> 1 | K60: =SUMPRODUCT((ISNUMBER(SEARCH($Y11,Dienstplan!$B$8:$B$19))*(ISNUMBER(SEARCH($AB$11,Dienstplan!$CP$8:$DS$19)))))-$Q60 -> 2 | L60: =SUMPRODUCT((ISNUMBER(SEARCH($Y11,Dienstplan!$B$8:$B$19))*(ISNUMBER(SEARCH($AB$12,Dienstplan!$CP$8:$DS$19))))) -> 0 | M60: =SUMPRODUCT((ISNUMBER(SEARCH($Y11,Dienstplan!$B$8:$B$19))*(ISNUMBER(SEARCH($AB$13,Dienstplan!$CP$8:$DS$19))))) -> 0 | N60: =SUMPRODUCT((ISNUMBER(SEARCH($Y11,Dienstplan!$B$8:$B$19))*(ISNUMBER(SEARCH($AB$14,Dienstplan!$CP$8:$DS$19))))) -> 0 | O60: =SUMPRODUCT((ISNUMBER(SEARCH($Y11,Dienstplan!$B$8:$B$19))*(ISNUMBER(SEARCH($AB$15,Dienstplan!$CP$8:$DS$19))))) -> 3 | P60: =SUMPRODUCT((ISNUMBER(SEARCH($Y11,Dienstplan!$B$8:$B$19))*(ISNUMBER(SEARCH($AB$16,Dienstplan!$CP$8:$DS$19))))) -> 0 | Q60: =SUMPRODUCT((ISNUMBER(SEARCH($Y11,Dienstplan!$B$8:$B$19))*(ISNUMBER(SEARCH($AB$17,Dienstplan!$CP$8:$DS$19))))) -> 0 | R60: =SUMPRODUCT((ISNUMBER(SEARCH($Y11,Dienstplan!$B$8:$B$19))*(ISNUMBER(SEARCH($AB$18,Dienstplan!$CP$8:$DS$19))))) -> 0 | S60: =SUMPRODUCT((ISNUMBER(SEARCH($Y11,Dienstplan!$B$8:$B$19))*(ISNUMBER(SEARCH($AB$19,Dienstplan!$CP$8:$DS$19))))) -> 0 | T60: =SUM($F$50*$Z11) -> 144 | U60: =SUM($C60*Frueh_1+$D60*Spaet_1+$E60*Nacht_1+$F60*Normal_1+$I60*Sonderd_1-$J60*Put_W+$K60*Put_W+$L60*EH_Kurs+$M60*Koor_taet+$N60*Sekre_1+$O60*Put_W+$R60*Put_W+$P60*Put_W+$Q60*Put_W+G60*Put_W+H60*Put_W) -> 32 | V60: =SUM($U60-$T60) -> -112 | W60: =V60+W44 -> -248
B61: =B13 -> Schmidt | C61: =SUMPRODUCT((ISNUMBER(SEARCH($Y12,Dienstplan!$B$8:$B$19))*(ISNUMBER(SEARCH($AB$3,Dienstplan!$CP$8:$DS$19)))))-D61 -> 0 | D61: =SUMPRODUCT((ISNUMBER(SEARCH($Y12,Dienstplan!$B$8:$B$19))*(ISNUMBER(SEARCH($AB$4,Dienstplan!$CP$8:$DS$19))))) -> 0 | E61: =SUMPRODUCT((ISNUMBER(SEARCH($Y12,Dienstplan!$B$8:$B$19))*(ISNUMBER(SEARCH($AB$5,Dienstplan!$CP$8:$DS$19))))) -> 0 | F61: =SUMPRODUCT((ISNUMBER(SEARCH($Y12,Dienstplan!$B$8:$B$19))*(ISNUMBER(SEARCH($AB$6,Dienstplan!$CP$8:$DS$19))))) -> 0 | G61: =SUMPRODUCT((ISNUMBER(SEARCH($Y12,Dienstplan!$B$8:$B$19))*(ISNUMBER(SEARCH($AB$7,Dienstplan!$CP$8:$DS$19)))))-H61 -> 0 | H61: =SUMPRODUCT((ISNUMBER(SEARCH($Y12,Dienstplan!$B$8:$B$19))*(ISNUMBER(SEARCH($AB$8,Dienstplan!$CP$8:$DS$19))))) -> 0 | I61: =SUMPRODUCT((ISNUMBER(SEARCH($Y12,Dienstplan!$B$8:$B$19))*(ISNUMBER(SEARCH($AB$9,Dienstplan!$CP$8:$DS$19))))) -> 0 | J61: =SUMPRODUCT((ISNUMBER(SEARCH($Y12,Dienstplan!$B$8:$B$19))*(ISNUMBER(SEARCH($AB$10,Dienstplan!$CP$8:$DS$19))))) -> 0 | K61: =SUMPRODUCT((ISNUMBER(SEARCH($Y12,Dienstplan!$B$8:$B$19))*(ISNUMBER(SEARCH($AB$11,Dienstplan!$CP$8:$DS$19)))))-$Q61 -> 0 | L61: =SUMPRODUCT((ISNUMBER(SEARCH($Y12,Dienstplan!$B$8:$B$19))*(ISNUMBER(SEARCH($AB$12,Dienstplan!$CP$8:$DS$19))))) -> 0 | M61: =SUMPRODUCT((ISNUMBER(SEARCH($Y12,Dienstplan!$B$8:$B$19))*(ISNUMBER(SEARCH($AB$13,Dienstplan!$CP$8:$DS$19))))) -> 0 | N61: =SUMPRODUCT((ISNUMBER(SEARCH($Y12,Dienstplan!$B$8:$B$19))*(ISNUMBER(SEARCH($AB$14,Dienstplan!$CP$8:$DS$19))))) -> 0 | O61: =SUMPRODUCT((ISNUMBER(SEARCH($Y12,Dienstplan!$B$8:$B$19))*(ISNUMBER(SEARCH($AB$15,Dienstplan!$CP$8:$DS$19))))) -> 0 | P61: =SUMPRODUCT((ISNUMBER(SEARCH($Y12,Dienstplan!$B$8:$B$19))*(ISNUMBER(SEARCH($AB$16,Dienstplan!$CP$8:$DS$19))))) -> 0 | Q61: =SUMPRODUCT((ISNUMBER(SEARCH($Y12,Dienstplan!$B$8:$B$19))*(ISNUMBER(SEARCH($AB$17,Dienstplan!$CP$8:$DS$19))))) -> 0 | R61: =SUMPRODUCT((ISNUMBER(SEARCH($Y12,Dienstplan!$B$8:$B$19))*(ISNUMBER(SEARCH($AB$18,Dienstplan!$CP$8:$DS$19))))) -> 0 | S61: =SUMPRODUCT((ISNUMBER(SEARCH($Y12,Dienstplan!$B$8:$B$19))*(ISNUMBER(SEARCH($AB$19,Dienstplan!$CP$8:$DS$19))))) -> 0 | T61: =SUM($F$50*$Z12) -> 126 | U61: =SUM($C61*Frueh_1+$D61*Spaet_1+$E61*Nacht_1+$F61*Normal_1+$I61*Sonderd_1-$J61*Radi_L+$K61*Radi_L+$L61*EH_Kurs+$M61*Koor_taet+$N61*Sekre_1+$O61*Radi_L+$R61*Radi_L+$P61*Radi_L+$Q61*Radi_L+G61*Radi_L+H61*Radi_L) -> 0 | V61: =SUM($U61-$T61) -> -126 | W61: =V61+W45 -> -560
B62: =B14 -> Radimersky | C62: =SUMPRODUCT((ISNUMBER(SEARCH($Y13,Dienstplan!$B$8:$B$19))*(ISNUMBER(SEARCH($AB$3,Dienstplan!$CP$8:$DS$19)))))-D62 -> 0 | D62: =SUMPRODUCT((ISNUMBER(SEARCH($Y13,Dienstplan!$B$8:$B$19))*(ISNUMBER(SEARCH($AB$4,Dienstplan!$CP$8:$DS$19))))) -> 0 | E62: =SUMPRODUCT((ISNUMBER(SEARCH($Y13,Dienstplan!$B$8:$B$19))*(ISNUMBER(SEARCH($AB$5,Dienstplan!$CP$8:$DS$19))))) -> 0 | F62: =SUMPRODUCT((ISNUMBER(SEARCH($Y13,Dienstplan!$B$8:$B$19))*(ISNUMBER(SEARCH($AB$6,Dienstplan!$CP$8:$DS$19))))) -> 0 | G62: =SUMPRODUCT((ISNUMBER(SEARCH($Y13,Dienstplan!$B$8:$B$19))*(ISNUMBER(SEARCH($AB$7,Dienstplan!$CP$8:$DS$19)))))-H62 -> 0 | H62: =SUMPRODUCT((ISNUMBER(SEARCH($Y13,Dienstplan!$B$8:$B$19))*(ISNUMBER(SEARCH($AB$8,Dienstplan!$CP$8:$DS$19))))) -> 0 | I62: =SUMPRODUCT((ISNUMBER(SEARCH($Y13,Dienstplan!$B$8:$B$19))*(ISNUMBER(SEARCH($AB$9,Dienstplan!$CP$8:$DS$19))))) -> 0 | J62: =SUMPRODUCT((ISNUMBER(SEARCH($Y13,Dienstplan!$B$8:$B$19))*(ISNUMBER(SEARCH($AB$10,Dienstplan!$CP$8:$DS$19))))) -> 0 | K62: =SUMPRODUCT((ISNUMBER(SEARCH($Y13,Dienstplan!$B$8:$B$19))*(ISNUMBER(SEARCH($AB$11,Dienstplan!$CP$8:$DS$19)))))-$Q62 -> 5 | L62: =SUMPRODUCT((ISNUMBER(SEARCH($Y13,Dienstplan!$B$8:$B$19))*(ISNUMBER(SEARCH($AB$12,Dienstplan!$CP$8:$DS$19))))) -> 0 | M62: =SUMPRODUCT((ISNUMBER(SEARCH($Y13,Dienstplan!$B$8:$B$19))*(ISNUMBER(SEARCH($AB$13,Dienstplan!$CP$8:$DS$19))))) -> 0 | N62: =SUMPRODUCT((ISNUMBER(SEARCH($Y13,Dienstplan!$B$8:$B$19))*(ISNUMBER(SEARCH($AB$14,Dienstplan!$CP$8:$DS$19))))) -> 0 | O62: =SUMPRODUCT((ISNUMBER(SEARCH($Y13,Dienstplan!$B$8:$B$19))*(ISNUMBER(SEARCH($AB$15,Dienstplan!$CP$8:$DS$19))))) -> 0 | P62: =SUMPRODUCT((ISNUMBER(SEARCH($Y13,Dienstplan!$B$8:$B$19))*(ISNUMBER(SEARCH($AB$16,Dienstplan!$CP$8:$DS$19))))) -> 0 | Q62: =SUMPRODUCT((ISNUMBER(SEARCH($Y13,Dienstplan!$B$8:$B$19))*(ISNUMBER(SEARCH($AB$17,Dienstplan!$CP$8:$DS$19))))) -> 0 | R62: =SUMPRODUCT((ISNUMBER(SEARCH($Y13,Dienstplan!$B$8:$B$19))*(ISNUMBER(SEARCH($AB$18,Dienstplan!$CP$8:$DS$19))))) -> 0 | S62: =SUMPRODUCT((ISNUMBER(SEARCH($Y13,Dienstplan!$B$8:$B$19))*(ISNUMBER(SEARCH($AB$19,Dienstplan!$CP$8:$DS$19))))) -> 0 | T62: =SUM($F$50*$Z13) -> 54 | U62: =SUM($C62*Frueh_1+$D62*Spaet_1+$E62*Nacht_1+$F62*Normal_1+$I62*Sonderd_1-$J62*Fortenb+$K62*Fortenb+$L62*EH_Kurs+$M62*Koor_taet+$N62*Sekre_1+$O62*Fortenb+$R62*Fortenb+$P62*Fortenb+$Q62*Fortenb+G62*Fortenb+H62*Fortenb) -> 15 | V62: =SUM($U62-$T62) -> -39 | W62: =V62+W46 -> -222
B64: Summe | C64: =SUM(C52:C63) -> 5 | D64: =SUM(D52:D63) -> 0 | E64: =SUM(E52:E63) -> 20 | F64: =SUM(F52:F63) -> 19 | G64: =SUM(G52:G63) -> 0 | H64: =SUM(H52:H63) -> 0 | I64: =SUM(I52:I63) -> 0 | J64: =SUM(J52:J63) -> 3 | ... S64: =SUM(S52:S63) -> 3 | T64: =SUM(T52:T60) -> 1137.6 | U64: =SUM(U52:U60) -> 551.35
B66: Mai | D66: Arbeitstage | F66: 20 | I66: Samstage | K66: 4
C67: =Jahr!C3 -> FI | D67: =Jahr!D3 -> FII | E67: =Jahr!E3 -> SI | F67: =Jahr!F3 -> NI | G67: =Jahr!G3 -> DI | H67: =Jahr!H3 -> DII | I67: =Jahr!I3 -> SD | J67: =Jahr!J3 -> GT | ... S67: =Jahr!S3 -> NST | T67: Soll AZ | U67: Ist AZ | V67: Differenz | W67: Gesamt
B68: =B4 -> Breig | C68: =SUMPRODUCT((ISNUMBER(SEARCH($Y3,Dienstplan!$B$8:$B$19))*(ISNUMBER(SEARCH($AB$3,Dienstplan!$DT$8:$EX$19)))))-D68 -> 0 | D68: =SUMPRODUCT((ISNUMBER(SEARCH($Y3,Dienstplan!$B$8:$B$19))*(ISNUMBER(SEARCH($AB$4,Dienstplan!$DT$8:$EX$19))))) -> 0 | E68: =SUMPRODUCT((ISNUMBER(SEARCH($Y3,Dienstplan!$B$8:$B$19))*(ISNUMBER(SEARCH($AB$5,Dienstplan!$DT$8:$EX$19))))) -> 0 | F68: =SUMPRODUCT((ISNUMBER(SEARCH($Y3,Dienstplan!$B$8:$B$19))*(ISNUMBER(SEARCH($AB$6,Dienstplan!$DT$8:$EX$19))))) -> 5 | G68: =SUMPRODUCT((ISNUMBER(SEARCH($Y3,Dienstplan!$B$8:$B$19))*(ISNUMBER(SEARCH($AB$7,Dienstplan!$DT$8:$EX$19)))))-H68 -> 0 | H68: =SUMPRODUCT((ISNUMBER(SEARCH($Y3,Dienstplan!$B$8:$B$19))*(ISNUMBER(SEARCH($AB$8,Dienstplan!$DT$8:$EX$19))))) -> 0 | I68: =SUMPRODUCT((ISNUMBER(SEARCH($Y3,Dienstplan!$B$8:$B$19))*(ISNUMBER(SEARCH($AB$9,Dienstplan!$DT$8:$EX$19))))) -> 0 | J68: =SUMPRODUCT((ISNUMBER(SEARCH($Y3,Dienstplan!$B$8:$B$19))*(ISNUMBER(SEARCH($AB$10,Dienstplan!$DT$8:$EX$19))))) -> 0 | K68: =SUMPRODUCT((ISNUMBER(SEARCH($Y3,Dienstplan!$B$8:$B$19))*(ISNUMBER(SEARCH($AB$11,Dienstplan!$DT$8:$EX$19)))))-$Q68 -> 5 | L68: =SUMPRODUCT((ISNUMBER(SEARCH($Y3,Dienstplan!$B$8:$B$19))*(ISNUMBER(SEARCH($AB$12,Dienstplan!$DT$8:$EX$19))))) -> 0 | M68: =SUMPRODUCT((ISNUMBER(SEARCH($Y3,Dienstplan!$B$8:$B$19))*(ISNUMBER(SEARCH($AB$13,Dienstplan!$DT$8:$EX$19))))) -> 0 | N68: =SUMPRODUCT((ISNUMBER(SEARCH($Y3,Dienstplan!$B$8:$B$19))*(ISNUMBER(SEARCH($AB$14,Dienstplan!$DT$8:$EX$19))))) -> 0 | O68: =SUMPRODUCT((ISNUMBER(SEARCH($Y3,Dienstplan!$B$8:$B$19))*(ISNUMBER(SEARCH($AB$15,Dienstplan!$DT$8:$EX$19))))) -> 0 | P68: =SUMPRODUCT((ISNUMBER(SEARCH($Y3,Dienstplan!$B$8:$B$19))*(ISNUMBER(SEARCH($AB$16,Dienstplan!$DT$8:$EX$19))))) -> 0 | Q68: =SUMPRODUCT((ISNUMBER(SEARCH($Y3,Dienstplan!$B$8:$B$19))*(ISNUMBER(SEARCH($AB$17,Dienstplan!$DT$8:$EX$19))))) -> 0 | R68: =SUMPRODUCT((ISNUMBER(SEARCH($Y3,Dienstplan!$B$8:$B$19))*(ISNUMBER(SEARCH($AB$18,Dienstplan!$DT$8:$EX$19))))) -> 0 | S68: =SUMPRODUCT((ISNUMBER(SEARCH($Y3,Dienstplan!$B$8:$B$19))*(ISNUMBER(SEARCH($AB$19,Dienstplan!$DT$8:$EX$19))))) -> 1 | T68: =SUM($F$66*$Z3) -> 160 | U68: =SUM($C68*Frueh_1+$D68*Spaet_1+$E68*Nacht_1+$F68*Normal_1+$I68*Sonderd_1-$J68*Velten+$K68*Velten+$L68*EH_Kurs+$M68*Koor_taet+$N68*Sekre_1+$O68*Velten+$R68*Velten+$P68*Velten+$Q68*Velten+G68*Velt_M+H68*Velt_M) -> 77.5 | V68: =SUM($U68-$T68) -> -82.5 | W68: =V68+W52 -> -209
B69: =B5 -> Siebert | C69: =SUMPRODUCT((ISNUMBER(SEARCH($Y4,Dienstplan!$B$8:$B$19))*(ISNUMBER(SEARCH($AB$3,Dienstplan!$DT$8:$EX$19)))))-D69 -> 0 | D69: =SUMPRODUCT((ISNUMBER(SEARCH($Y4,Dienstplan!$B$8:$B$19))*(ISNUMBER(SEARCH($AB$4,Dienstplan!$DT$8:$EX$19))))) -> 0 | E69: =SUMPRODUCT((ISNUMBER(SEARCH($Y4,Dienstplan!$B$8:$B$19))*(ISNUMBER(SEARCH($AB$5,Dienstplan!$DT$8:$EX$19))))) -> 5 | F69: =SUMPRODUCT((ISNUMBER(SEARCH($Y4,Dienstplan!$B$8:$B$19))*(ISNUMBER(SEARCH($AB$6,Dienstplan!$DT$8:$EX$19))))) -> 2 | G69: =SUMPRODUCT((ISNUMBER(SEARCH($Y4,Dienstplan!$B$8:$B$19))*(ISNUMBER(SEARCH($AB$7,Dienstplan!$DT$8:$EX$19)))))-H69 -> 0 | H69: =SUMPRODUCT((ISNUMBER(SEARCH($Y4,Dienstplan!$B$8:$B$19))*(ISNUMBER(SEARCH($AB$8,Dienstplan!$DT$8:$EX$19))))) -> 0 | I69: =SUMPRODUCT((ISNUMBER(SEARCH($Y4,Dienstplan!$B$8:$B$19))*(ISNUMBER(SEARCH($AB$9,Dienstplan!$DT$8:$EX$19))))) -> 0 | J69: =SUMPRODUCT((ISNUMBER(SEARCH($Y4,Dienstplan!$B$8:$B$19))*(ISNUMBER(SEARCH($AB$10,Dienstplan!$DT$8:$EX$19))))) -> 0 | K69: =SUMPRODUCT((ISNUMBER(SEARCH($Y4,Dienstplan!$B$8:$B$19))*(ISNUMBER(SEARCH($AB$11,Dienstplan!$DT$8:$EX$19)))))-$Q69 -> 0 | L69: =SUMPRODUCT((ISNUMBER(SEARCH($Y4,Dienstplan!$B$8:$B$19))*(ISNUMBER(SEARCH($AB$12,Dienstplan!$DT$8:$EX$19))))) -> 0 | M69: =SUMPRODUCT((ISNUMBER(SEARCH($Y4,Dienstplan!$B$8:$B$19))*(ISNUMBER(SEARCH($AB$13,Dienstplan!$DT$8:$EX$19))))) -> 0 | N69: =SUMPRODUCT((ISNUMBER(SEARCH($Y4,Dienstplan!$B$8:$B$19))*(ISNUMBER(SEARCH($AB$14,Dienstplan!$DT$8:$EX$19))))) -> 0 | O69: =SUMPRODUCT((ISNUMBER(SEARCH($Y4,Dienstplan!$B$8:$B$19))*(ISNUMBER(SEARCH($AB$15,Dienstplan!$DT$8:$EX$19))))) -> 0 | P69: =SUMPRODUCT((ISNUMBER(SEARCH($Y4,Dienstplan!$B$8:$B$19))*(ISNUMBER(SEARCH($AB$16,Dienstplan!$DT$8:$EX$19))))) -> 0 | Q69: =SUMPRODUCT((ISNUMBER(SEARCH($Y4,Dienstplan!$B$8:$B$19))*(ISNUMBER(SEARCH($AB$17,Dienstplan!$DT$8:$EX$19))))) -> 0 | R69: =SUMPRODUCT((ISNUMBER(SEARCH($Y4,Dienstplan!$B$8:$B$19))*(ISNUMBER(SEARCH($AB$18,Dienstplan!$DT$8:$EX$19))))) -> 0 | S69: =SUMPRODUCT((ISNUMBER(SEARCH($Y4,Dienstplan!$B$8:$B$19))*(ISNUMBER(SEARCH($AB$19,Dienstplan!$DT$8:$EX$19))))) -> 0 | T69: =SUM($F$66*$Z4) -> 140 | U69: =SUM($C69*Frueh_1+$D69*Spaet_1+$E69*Nacht_1+$F69*Normal_1+$I69*Sonderd_1-$J69*Brue_H+$K69*Brue_H+$L69*EH_Kurs+$M69*Koor_taet+$N69*Sekre_1+$O69*Brue_H+$R69*Brue_H+$P69*Brue_H+$Q69*Brue_H+G69*Brue_H+H69*Brue_H) -> 52.5 | V69: =SUM($U69-$T69) -> -87.5 | W69: =V69+W53 -> -169.25
B70: =B6 -> Jochim | C70: =SUMPRODUCT((ISNUMBER(SEARCH($Y5,Dienstplan!$B$8:$B$19))*(ISNUMBER(SEARCH($AB$3,Dienstplan!$DT$8:$EX$19)))))-D70 -> 0 | D70: =SUMPRODUCT((ISNUMBER(SEARCH($Y5,Dienstplan!$B$8:$B$19))*(ISNUMBER(SEARCH($AB$4,Dienstplan!$DT$8:$EX$19))))) -> 0 | E70: =SUMPRODUCT((ISNUMBER(SEARCH($Y5,Dienstplan!$B$8:$B$19))*(ISNUMBER(SEARCH($AB$5,Dienstplan!$DT$8:$EX$19))))) -> 0 | F70: =SUMPRODUCT((ISNUMBER(SEARCH($Y5,Dienstplan!$B$8:$B$19))*(ISNUMBER(SEARCH($AB$6,Dienstplan!$DT$8:$EX$19))))) -> 0 | G70: =SUMPRODUCT((ISNUMBER(SEARCH($Y5,Dienstplan!$B$8:$B$19))*(ISNUMBER(SEARCH($AB$7,Dienstplan!$DT$8:$EX$19)))))-H70 -> 0 | H70: =SUMPRODUCT((ISNUMBER(SEARCH($Y5,Dienstplan!$B$8:$B$19))*(ISNUMBER(SEARCH($AB$8,Dienstplan!$DT$8:$EX$19))))) -> 0 | I70: =SUMPRODUCT((ISNUMBER(SEARCH($Y5,Dienstplan!$B$8:$B$19))*(ISNUMBER(SEARCH($AB$9,Dienstplan!$DT$8:$EX$19))))) -> 0 | J70: =SUMPRODUCT((ISNUMBER(SEARCH($Y5,Dienstplan!$B$8:$B$19))*(ISNUMBER(SEARCH($AB$10,Dienstplan!$DT$8:$EX$19))))) -> 0 | K70: =SUMPRODUCT((ISNUMBER(SEARCH($Y5,Dienstplan!$B$8:$B$19))*(ISNUMBER(SEARCH($AB$11,Dienstplan!$DT$8:$EX$19)))))-$Q70 -> 0 | L70: =SUMPRODUCT((ISNUMBER(SEARCH($Y5,Dienstplan!$B$8:$B$19))*(ISNUMBER(SEARCH($AB$12,Dienstplan!$DT$8:$EX$19))))) -> 0 | M70: =SUMPRODUCT((ISNUMBER(SEARCH($Y5,Dienstplan!$B$8:$B$19))*(ISNUMBER(SEARCH($AB$13,Dienstplan!$DT$8:$EX$19))))) -> 0 | N70: =SUMPRODUCT((ISNUMBER(SEARCH($Y5,Dienstplan!$B$8:$B$19))*(ISNUMBER(SEARCH($AB$14,Dienstplan!$DT$8:$EX$19))))) -> 0 | O70: =SUMPRODUCT((ISNUMBER(SEARCH($Y5,Dienstplan!$B$8:$B$19))*(ISNUMBER(SEARCH($AB$15,Dienstplan!$DT$8:$EX$19))))) -> 0 | P70: =SUMPRODUCT((ISNUMBER(SEARCH($Y5,Dienstplan!$B$8:$B$19))*(ISNUMBER(SEARCH($AB$16,Dienstplan!$DT$8:$EX$19))))) -> 0 | Q70: =SUMPRODUCT((ISNUMBER(SEARCH($Y5,Dienstplan!$B$8:$B$19))*(ISNUMBER(SEARCH($AB$17,Dienstplan!$DT$8:$EX$19))))) -> 0 | R70: =SUMPRODUCT((ISNUMBER(SEARCH($Y5,Dienstplan!$B$8:$B$19))*(ISNUMBER(SEARCH($AB$18,Dienstplan!$DT$8:$EX$19))))) -> 0 | S70: =SUMPRODUCT((ISNUMBER(SEARCH($Y5,Dienstplan!$B$8:$B$19))*(ISNUMBER(SEARCH($AB$19,Dienstplan!$DT$8:$EX$19))))) -> 0 | T70: =SUM($F$66*$Z5) -> 140 | U70: =SUM($C70*Frueh_1+$D70*Spaet_1+$E70*Nacht_1+$F70*Normal_1+$I70*Sonderd_1-$J70*Rath_M+$K70*Rath_M+$L70*EH_Kurs+$M70*Koor_taet+$N70*Sekre_1+$O70*Rath_M+$R70*Rath_M+$P70*Rath_M+$Q70*Rath_M+G70*Rath_M+H70*Rath_M) -> 0 | V70: =SUM($U70-$T70) -> -140 | W70: =V70+W54 -> -579.75
B71: =B7 -> Wunsch | C71: =SUMPRODUCT((ISNUMBER(SEARCH($Y6,Dienstplan!$B$8:$B$19))*(ISNUMBER(SEARCH($AB$3,Dienstplan!$DT$8:$EX$19)))))-D71 -> 0 | D71: =SUMPRODUCT((ISNUMBER(SEARCH($Y6,Dienstplan!$B$8:$B$19))*(ISNUMBER(SEARCH($AB$4,Dienstplan!$DT$8:$EX$19))))) -> 0 | E71: =SUMPRODUCT((ISNUMBER(SEARCH($Y6,Dienstplan!$B$8:$B$19))*(ISNUMBER(SEARCH($AB$5,Dienstplan!$DT$8:$EX$19))))) -> 1 | F71: =SUMPRODUCT((ISNUMBER(SEARCH($Y6,Dienstplan!$B$8:$B$19))*(ISNUMBER(SEARCH($AB$6,Dienstplan!$DT$8:$EX$19))))) -> 3 | G71: =SUMPRODUCT((ISNUMBER(SEARCH($Y6,Dienstplan!$B$8:$B$19))*(ISNUMBER(SEARCH($AB$7,Dienstplan!$DT$8:$EX$19)))))-H71 -> 0 | H71: =SUMPRODUCT((ISNUMBER(SEARCH($Y6,Dienstplan!$B$8:$B$19))*(ISNUMBER(SEARCH($AB$8,Dienstplan!$DT$8:$EX$19))))) -> 0 | I71: =SUMPRODUCT((ISNUMBER(SEARCH($Y6,Dienstplan!$B$8:$B$19))*(ISNUMBER(SEARCH($AB$9,Dienstplan!$DT$8:$EX$19))))) -> 0 | J71: =SUMPRODUCT((ISNUMBER(SEARCH($Y6,Dienstplan!$B$8:$B$19))*(ISNUMBER(SEARCH($AB$10,Dienstplan!$DT$8:$EX$19))))) -> 0 | K71: =SUMPRODUCT((ISNUMBER(SEARCH($Y6,Dienstplan!$B$8:$B$19))*(ISNUMBER(SEARCH($AB$11,Dienstplan!$DT$8:$EX$19)))))-$Q71 -> 6 | L71: =SUMPRODUCT((ISNUMBER(SEARCH($Y6,Dienstplan!$B$8:$B$19))*(ISNUMBER(SEARCH($AB$12,Dienstplan!$DT$8:$EX$19))))) -> 0 | M71: =SUMPRODUCT((ISNUMBER(SEARCH($Y6,Dienstplan!$B$8:$B$19))*(ISNUMBER(SEARCH($AB$13,Dienstplan!$DT$8:$EX$19))))) -> 0 | N71: =SUMPRODUCT((ISNUMBER(SEARCH($Y6,Dienstplan!$B$8:$B$19))*(ISNUMBER(SEARCH($AB$14,Dienstplan!$DT$8:$EX$19))))) -> 0 | O71: =SUMPRODUCT((ISNUMBER(SEARCH($Y6,Dienstplan!$B$8:$B$19))*(ISNUMBER(SEARCH($AB$15,Dienstplan!$DT$8:$EX$19))))) -> 0 | P71: =SUMPRODUCT((ISNUMBER(SEARCH($Y6,Dienstplan!$B$8:$B$19))*(ISNUMBER(SEARCH($AB$16,Dienstplan!$DT$8:$EX$19))))) -> 0 | Q71: =SUMPRODUCT((ISNUMBER(SEARCH($Y6,Dienstplan!$B$8:$B$19))*(ISNUMBER(SEARCH($AB$17,Dienstplan!$DT$8:$EX$19))))) -> 0 | R71: =SUMPRODUCT((ISNUMBER(SEARCH($Y6,Dienstplan!$B$8:$B$19))*(ISNUMBER(SEARCH($AB$18,Dienstplan!$DT$8:$EX$19))))) -> 0 | S71: =SUMPRODUCT((ISNUMBER(SEARCH($Y6,Dienstplan!$B$8:$B$19))*(ISNUMBER(SEARCH($AB$19,Dienstplan!$DT$8:$EX$19))))) -> 1 | T71: =SUM($F$66*$Z6) -> 160 | U71: =SUM($C71*Frueh_1+$D71*Spaet_1+$E71*Nacht_1+$F71*Normal_1+$I71*Sonderd_1-$J71*Scho_K+$K71*Scho_K+$L71*EH_Kurs+$M71*Koor_taet+$N71*Sekre_1+$O71*Scho_K+$R71*Scho_K+$P71*Scho_K+$Q71*Scho_K+G71*Scho_K+H71*Scho_K) -> 78 | V71: =SUM($U71-$T71) -> -82 | W71: =V71+W55 -> -276
B72: =B8 -> Göpfrich | C72: =SUMPRODUCT((ISNUMBER(SEARCH($Y7,Dienstplan!$B$8:$B$19))*(ISNUMBER(SEARCH($AB$3,Dienstplan!$DT$8:$EX$19)))))-D72 -> 0 | D72: =SUMPRODUCT((ISNUMBER(SEARCH($Y7,Dienstplan!$B$8:$B$19))*(ISNUMBER(SEARCH($AB$4,Dienstplan!$DT$8:$EX$19))))) -> 0 | E72: =SUMPRODUCT((ISNUMBER(SEARCH($Y7,Dienstplan!$B$8:$B$19))*(ISNUMBER(SEARCH($AB$5,Dienstplan!$DT$8:$EX$19))))) -> 4 | F72: =SUMPRODUCT((ISNUMBER(SEARCH($Y7,Dienstplan!$B$8:$B$19))*(ISNUMBER(SEARCH($AB$6,Dienstplan!$DT$8:$EX$19))))) -> 5 | G72: =SUMPRODUCT((ISNUMBER(SEARCH($Y7,Dienstplan!$B$8:$B$19))*(ISNUMBER(SEARCH($AB$7,Dienstplan!$DT$8:$EX$19)))))-H72 -> 0 | H72: =SUMPRODUCT((ISNUMBER(SEARCH($Y7,Dienstplan!$B$8:$B$19))*(ISNUMBER(SEARCH($AB$8,Dienstplan!$DT$8:$EX$19))))) -> 0 | I72: =SUMPRODUCT((ISNUMBER(SEARCH($Y7,Dienstplan!$B$8:$B$19))*(ISNUMBER(SEARCH($AB$9,Dienstplan!$DT$8:$EX$19))))) -> 0 | J72: =SUMPRODUCT((ISNUMBER(SEARCH($Y7,Dienstplan!$B$8:$B$19))*(ISNUMBER(SEARCH($AB$10,Dienstplan!$DT$8:$EX$19))))) -> 0 | K72: =SUMPRODUCT((ISNUMBER(SEARCH($Y7,Dienstplan!$B$8:$B$19))*(ISNUMBER(SEARCH($AB$11,Dienstplan!$DT$8:$EX$19)))))-$Q72 -> 0 | L72: =SUMPRODUCT((ISNUMBER(SEARCH($Y7,Dienstplan!$B$8:$B$19))*(ISNUMBER(SEARCH($AB$12,Dienstplan!$DT$8:$EX$19))))) -> 0 | M72: =SUMPRODUCT((ISNUMBER(SEARCH($Y7,Dienstplan!$B$8:$B$19))*(ISNUMBER(SEARCH($AB$13,Dienstplan!$DT$8:$EX$19))))) -> 0 | N72: =SUMPRODUCT((ISNUMBER(SEARCH($Y7,Dienstplan!$B$8:$B$19))*(ISNUMBER(SEARCH($AB$14,Dienstplan!$DT$8:$EX$19))))) -> 0 | O72: =SUMPRODUCT((ISNUMBER(SEARCH($Y7,Dienstplan!$B$8:$B$19))*(ISNUMBER(SEARCH($AB$15,Dienstplan!$DT$8:$EX$19))))) -> 0 | P72: =SUMPRODUCT((ISNUMBER(SEARCH($Y7,Dienstplan!$B$8:$B$19))*(ISNUMBER(SEARCH($AB$16,Dienstplan!$DT$8:$EX$19))))) -> 0 | Q72: =SUMPRODUCT((ISNUMBER(SEARCH($Y7,Dienstplan!$B$8:$B$19))*(ISNUMBER(SEARCH($AB$17,Dienstplan!$DT$8:$EX$19))))) -> 0 | R72: =SUMPRODUCT((ISNUMBER(SEARCH($Y7,Dienstplan!$B$8:$B$19))*(ISNUMBER(SEARCH($AB$18,Dienstplan!$DT$8:$EX$19))))) -> 0 | S72: =SUMPRODUCT((ISNUMBER(SEARCH($Y7,Dienstplan!$B$8:$B$19))*(ISNUMBER(SEARCH($AB$19,Dienstplan!$DT$8:$EX$19))))) -> 1 | T72: =SUM($F$66*$Z7) -> 140 | U72: =SUM($C72*Frueh_1+$D72*Spaet_1+$E72*Nacht_1+$F72*Normal_1+$I72*Sonderd_1-$J72*Krie_B+$K72*Krie_B+$L72*EH_Kurs+$M72*Koor_taet+$N72*Sekre_1+$O72*Krie_B+$R72*Krie_B+$P72*Krie_B+$Q72*Krie_B+G72*Krie_B+H72*Krie_B) -> 67.5 | V72: =SUM($U72-$T72) -> -72.5 | W72: =V72+W56 -> -138.75
B73: =B9 -> Zeller | C73: =SUMPRODUCT((ISNUMBER(SEARCH($Y8,Dienstplan!$B$8:$B$19))*(ISNUMBER(SEARCH($AB$3,Dienstplan!$DT$8:$EX$19)))))-D73 -> 0 | D73: =SUMPRODUCT((ISNUMBER(SEARCH($Y8,Dienstplan!$B$8:$B$19))*(ISNUMBER(SEARCH($AB$4,Dienstplan!$DT$8:$EX$19))))) -> 0 | E73: =SUMPRODUCT((ISNUMBER(SEARCH($Y8,Dienstplan!$B$8:$B$19))*(ISNUMBER(SEARCH($AB$5,Dienstplan!$DT$8:$EX$19))))) -> 0 | F73: =SUMPRODUCT((ISNUMBER(SEARCH($Y8,Dienstplan!$B$8:$B$19))*(ISNUMBER(SEARCH($AB$6,Dienstplan!$DT$8:$EX$19))))) -> 4 | G73: =SUMPRODUCT((ISNUMBER(SEARCH($Y8,Dienstplan!$B$8:$B$19))*(ISNUMBER(SEARCH($AB$7,Dienstplan!$DT$8:$EX$19)))))-H73 -> 0 | H73: =SUMPRODUCT((ISNUMBER(SEARCH($Y8,Dienstplan!$B$8:$B$19))*(ISNUMBER(SEARCH($AB$8,Dienstplan!$DT$8:$EX$19))))) -> 0 | I73: =SUMPRODUCT((ISNUMBER(SEARCH($Y8,Dienstplan!$B$8:$B$19))*(ISNUMBER(SEARCH($AB$9,Dienstplan!$DT$8:$EX$19))))) -> 0 | J73: =SUMPRODUCT((ISNUMBER(SEARCH($Y8,Dienstplan!$B$8:$B$19))*(ISNUMBER(SEARCH($AB$10,Dienstplan!$DT$8:$EX$19))))) -> 0 | K73: =SUMPRODUCT((ISNUMBER(SEARCH($Y8,Dienstplan!$B$8:$B$19))*(ISNUMBER(SEARCH($AB$11,Dienstplan!$DT$8:$EX$19)))))-$Q73 -> 6 | L73: =SUMPRODUCT((ISNUMBER(SEARCH($Y8,Dienstplan!$B$8:$B$19))*(ISNUMBER(SEARCH($AB$12,Dienstplan!$DT$8:$EX$19))))) -> 0 | M73: =SUMPRODUCT((ISNUMBER(SEARCH($Y8,Dienstplan!$B$8:$B$19))*(ISNUMBER(SEARCH($AB$13,Dienstplan!$DT$8:$EX$19))))) -> 0 | N73: =SUMPRODUCT((ISNUMBER(SEARCH($Y8,Dienstplan!$B$8:$B$19))*(ISNUMBER(SEARCH($AB$14,Dienstplan!$DT$8:$EX$19))))) -> 0 | O73: =SUMPRODUCT((ISNUMBER(SEARCH($Y8,Dienstplan!$B$8:$B$19))*(ISNUMBER(SEARCH($AB$15,Dienstplan!$DT$8:$EX$19))))) -> 0 | P73: =SUMPRODUCT((ISNUMBER(SEARCH($Y8,Dienstplan!$B$8:$B$19))*(ISNUMBER(SEARCH($AB$16,Dienstplan!$DT$8:$EX$19))))) -> 0 | Q73: =SUMPRODUCT((ISNUMBER(SEARCH($Y8,Dienstplan!$B$8:$B$19))*(ISNUMBER(SEARCH($AB$17,Dienstplan!$DT$8:$EX$19))))) -> 0 | R73: =SUMPRODUCT((ISNUMBER(SEARCH($Y8,Dienstplan!$B$8:$B$19))*(ISNUMBER(SEARCH($AB$18,Dienstplan!$DT$8:$EX$19))))) -> 0 | S73: =SUMPRODUCT((ISNUMBER(SEARCH($Y8,Dienstplan!$B$8:$B$19))*(ISNUMBER(SEARCH($AB$19,Dienstplan!$DT$8:$EX$19))))) -> 1 | T73: =SUM($F$66*$Z8) -> 160 | U73: =SUM($C73*Frueh_1+$D73*Spaet_1+$E73*Nacht_1+$F73*Normal_1+$I73*Sonderd_1-$J73*Muster+$K73*Muster+$L73*EH_Kurs+$M73*Koor_taet+$N73*Sekre_1+$O73*Muster+$P73*Muster+$Q73*Muster+$R73*Muster+G73*Muster+H73*Muster) -> 78 | V73: =SUM($U73-$T73) -> -82 | W73: =V73+W57 -> -236.75
B74: =B10 -> Behrendt | C74: =SUMPRODUCT((ISNUMBER(SEARCH($Y9,Dienstplan!$B$8:$B$19))*(ISNUMBER(SEARCH($AB$3,Dienstplan!$DT$8:$EX$19)))))-D74 -> 0 | D74: =SUMPRODUCT((ISNUMBER(SEARCH($Y9,Dienstplan!$B$8:$B$19))*(ISNUMBER(SEARCH($AB$4,Dienstplan!$DT$8:$EX$19))))) -> 0 | E74: =SUMPRODUCT((ISNUMBER(SEARCH($Y9,Dienstplan!$B$8:$B$19))*(ISNUMBER(SEARCH($AB$5,Dienstplan!$DT$8:$EX$19))))) -> 0 | F74: =SUMPRODUCT((ISNUMBER(SEARCH($Y9,Dienstplan!$B$8:$B$19))*(ISNUMBER(SEARCH($AB$6,Dienstplan!$DT$8:$EX$19))))) -> 0 | G74: =SUMPRODUCT((ISNUMBER(SEARCH($Y9,Dienstplan!$B$8:$B$19))*(ISNUMBER(SEARCH($AB$7,Dienstplan!$DT$8:$EX$19)))))-H74 -> 0 | H74: =SUMPRODUCT((ISNUMBER(SEARCH($Y9,Dienstplan!$B$8:$B$19))*(ISNUMBER(SEARCH($AB$8,Dienstplan!$DT$8:$EX$19))))) -> 0 | I74: =SUMPRODUCT((ISNUMBER(SEARCH($Y9,Dienstplan!$B$8:$B$19))*(ISNUMBER(SEARCH($AB$9,Dienstplan!$DT$8:$EX$19))))) -> 0 | J74: =SUMPRODUCT((ISNUMBER(SEARCH($Y9,Dienstplan!$B$8:$B$19))*(ISNUMBER(SEARCH($AB$10,Dienstplan!$DT$8:$EX$19))))) -> 0 | K74: =SUMPRODUCT((ISNUMBER(SEARCH($Y9,Dienstplan!$B$8:$B$19))*(ISNUMBER(SEARCH($AB$11,Dienstplan!$DT$8:$EX$19)))))-$Q74 -> 0 | L74: =SUMPRODUCT((ISNUMBER(SEARCH($Y9,Dienstplan!$B$8:$B$19))*(ISNUMBER(SEARCH($AB$12,Dienstplan!$DT$8:$EX$19))))) -> 0 | M74: =SUMPRODUCT((ISNUMBER(SEARCH($Y9,Dienstplan!$B$8:$B$19))*(ISNUMBER(SEARCH($AB$13,Dienstplan!$DT$8:$EX$19))))) -> 0 | N74: =SUMPRODUCT((ISNUMBER(SEARCH($Y9,Dienstplan!$B$8:$B$19))*(ISNUMBER(SEARCH($AB$14,Dienstplan!$DT$8:$EX$19))))) -> 0 | O74: =SUMPRODUCT((ISNUMBER(SEARCH($Y9,Dienstplan!$B$8:$B$19))*(ISNUMBER(SEARCH($AB$15,Dienstplan!$DT$8:$EX$19))))) -> 0 | P74: =SUMPRODUCT((ISNUMBER(SEARCH($Y9,Dienstplan!$B$8:$B$19))*(ISNUMBER(SEARCH($AB$16,Dienstplan!$DT$8:$EX$19))))) -> 0 | Q74: =SUMPRODUCT((ISNUMBER(SEARCH($Y9,Dienstplan!$B$8:$B$19))*(ISNUMBER(SEARCH($AB$17,Dienstplan!$DT$8:$EX$19))))) -> 0 | R74: =SUMPRODUCT((ISNUMBER(SEARCH($Y9,Dienstplan!$B$8:$B$19))*(ISNUMBER(SEARCH($AB$18,Dienstplan!$DT$8:$EX$19))))) -> 0 | S74: =SUMPRODUCT((ISNUMBER(SEARCH($Y9,Dienstplan!$B$8:$B$19))*(ISNUMBER(SEARCH($AB$19,Dienstplan!$DT$8:$EX$19))))) -> 0 | T74: =SUM($F$66*$Z9) -> 140 | U74: =SUM($C74*Frueh_1+$D74*Spaet_1+$E74*Nacht_1+$F74*Normal_1+$I74*Sonderd_1-$J74*Muster+$K74*Muster+$L74*EH_Kurs+$M74*Koor_taet+$N74*Sekre_1+$O74*Muster+$P74*Muster+$Q74*Muster+$R74*Muster+G74*Muster+H74*Muster) -> 0 | V74: =SUM($U74-$T74) -> -140 | W74: =V74+W58 -> -311.95
B75: =B11 -> Krempl | C75: =SUMPRODUCT((ISNUMBER(SEARCH($Y10,Dienstplan!$B$8:$B$19))*(ISNUMBER(SEARCH($AB$3,Dienstplan!$DT$8:$EX$19)))))-D75 -> 0 | D75: =SUMPRODUCT((ISNUMBER(SEARCH($Y10,Dienstplan!$B$8:$B$19))*(ISNUMBER(SEARCH($AB$4,Dienstplan!$DT$8:$EX$19))))) -> 0 | E75: =SUMPRODUCT((ISNUMBER(SEARCH($Y10,Dienstplan!$B$8:$B$19))*(ISNUMBER(SEARCH($AB$5,Dienstplan!$DT$8:$EX$19))))) -> 0 | F75: =SUMPRODUCT((ISNUMBER(SEARCH($Y10,Dienstplan!$B$8:$B$19))*(ISNUMBER(SEARCH($AB$6,Dienstplan!$DT$8:$EX$19))))) -> 0 | G75: =SUMPRODUCT((ISNUMBER(SEARCH($Y10,Dienstplan!$B$8:$B$19))*(ISNUMBER(SEARCH($AB$7,Dienstplan!$DT$8:$EX$19)))))-H75 -> 0 | H75: =SUMPRODUCT((ISNUMBER(SEARCH($Y10,Dienstplan!$B$8:$B$19))*(ISNUMBER(SEARCH($AB$8,Dienstplan!$DT$8:$EX$19))))) -> 0 | I75: =SUMPRODUCT((ISNUMBER(SEARCH($Y10,Dienstplan!$B$8:$B$19))*(ISNUMBER(SEARCH($AB$9,Dienstplan!$DT$8:$EX$19))))) -> 0 | J75: =SUMPRODUCT((ISNUMBER(SEARCH($Y10,Dienstplan!$B$8:$B$19))*(ISNUMBER(SEARCH($AB$10,Dienstplan!$DT$8:$EX$19))))) -> 0 | K75: =SUMPRODUCT((ISNUMBER(SEARCH($Y10,Dienstplan!$B$8:$B$19))*(ISNUMBER(SEARCH($AB$11,Dienstplan!$DT$8:$EX$19)))))-$Q75 -> 5 | L75: =SUMPRODUCT((ISNUMBER(SEARCH($Y10,Dienstplan!$B$8:$B$19))*(ISNUMBER(SEARCH($AB$12,Dienstplan!$DT$8:$EX$19))))) -> 0 | M75: =SUMPRODUCT((ISNUMBER(SEARCH($Y10,Dienstplan!$B$8:$B$19))*(ISNUMBER(SEARCH($AB$13,Dienstplan!$DT$8:$EX$19))))) -> 0 | N75: =SUMPRODUCT((ISNUMBER(SEARCH($Y10,Dienstplan!$B$8:$B$19))*(ISNUMBER(SEARCH($AB$14,Dienstplan!$DT$8:$EX$19))))) -> 0 | O75: =SUMPRODUCT((ISNUMBER(SEARCH($Y10,Dienstplan!$B$8:$B$19))*(ISNUMBER(SEARCH($AB$15,Dienstplan!$DT$8:$EX$19))))) -> 0 | P75: =SUMPRODUCT((ISNUMBER(SEARCH($Y10,Dienstplan!$B$8:$B$19))*(ISNUMBER(SEARCH($AB$16,Dienstplan!$DT$8:$EX$19))))) -> 0 | Q75: =SUMPRODUCT((ISNUMBER(SEARCH($Y10,Dienstplan!$B$8:$B$19))*(ISNUMBER(SEARCH($AB$17,Dienstplan!$DT$8:$EX$19))))) -> 0 | R75: =SUMPRODUCT((ISNUMBER(SEARCH($Y10,Dienstplan!$B$8:$B$19))*(ISNUMBER(SEARCH($AB$18,Dienstplan!$DT$8:$EX$19))))) -> 0 | S75: =SUMPRODUCT((ISNUMBER(SEARCH($Y10,Dienstplan!$B$8:$B$19))*(ISNUMBER(SEARCH($AB$19,Dienstplan!$DT$8:$EX$19))))) -> 0 | T75: =SUM($F$66*$Z10) -> 64 | U75: =SUM($C75*Frueh_1+$D75*Spaet_1+$E75*Nacht_1+$F75*Normal_1+$I75*Sonderd_1-$J75*Krem_E+$K75*Krem_E+$L75*EH_Kurs+$M75*Koor_taet+$N75*Sekre_1+$O75*Krem_E+$R75*Krem_E+$P75*Krem_E+$Q75*Krem_E+G75*Krem_E+H75*Krem_E) -> 16 | V75: =SUM($U75-$T75) -> -48 | W75: =V75+W59 -> -243.1
B76: =B12 -> Putschler | C76: =SUMPRODUCT((ISNUMBER(SEARCH($Y11,Dienstplan!$B$8:$B$19))*(ISNUMBER(SEARCH($AB$3,Dienstplan!$DT$8:$EX$19)))))-D76 -> 0 | D76: =SUMPRODUCT((ISNUMBER(SEARCH($Y11,Dienstplan!$B$8:$B$19))*(ISNUMBER(SEARCH($AB$4,Dienstplan!$DT$8:$EX$19))))) -> 0 | E76: =SUMPRODUCT((ISNUMBER(SEARCH($Y11,Dienstplan!$B$8:$B$19))*(ISNUMBER(SEARCH($AB$5,Dienstplan!$DT$8:$EX$19))))) -> 0 | F76: =SUMPRODUCT((ISNUMBER(SEARCH($Y11,Dienstplan!$B$8:$B$19))*(ISNUMBER(SEARCH($AB$6,Dienstplan!$DT$8:$EX$19))))) -> 0 | G76: =SUMPRODUCT((ISNUMBER(SEARCH($Y11,Dienstplan!$B$8:$B$19))*(ISNUMBER(SEARCH($AB$7,Dienstplan!$DT$8:$EX$19)))))-H76 -> 0 | H76: =SUMPRODUCT((ISNUMBER(SEARCH($Y11,Dienstplan!$B$8:$B$19))*(ISNUMBER(SEARCH($AB$8,Dienstplan!$DT$8:$EX$19))))) -> 0 | I76: =SUMPRODUCT((ISNUMBER(SEARCH($Y11,Dienstplan!$B$8:$B$19))*(ISNUMBER(SEARCH($AB$9,Dienstplan!$DT$8:$EX$19))))) -> 0 | J76: =SUMPRODUCT((ISNUMBER(SEARCH($Y11,Dienstplan!$B$8:$B$19))*(ISNUMBER(SEARCH($AB$10,Dienstplan!$DT$8:$EX$19))))) -> 0 | K76: =SUMPRODUCT((ISNUMBER(SEARCH($Y11,Dienstplan!$B$8:$B$19))*(ISNUMBER(SEARCH($AB$11,Dienstplan!$DT$8:$EX$19)))))-$Q76 -> 9 | L76: =SUMPRODUCT((ISNUMBER(SEARCH($Y11,Dienstplan!$B$8:$B$19))*(ISNUMBER(SEARCH($AB$12,Dienstplan!$DT$8:$EX$19))))) -> 0 | M76: =SUMPRODUCT((ISNUMBER(SEARCH($Y11,Dienstplan!$B$8:$B$19))*(ISNUMBER(SEARCH($AB$13,Dienstplan!$DT$8:$EX$19))))) -> 0 | N76: =SUMPRODUCT((ISNUMBER(SEARCH($Y11,Dienstplan!$B$8:$B$19))*(ISNUMBER(SEARCH($AB$14,Dienstplan!$DT$8:$EX$19))))) -> 0 | O76: =SUMPRODUCT((ISNUMBER(SEARCH($Y11,Dienstplan!$B$8:$B$19))*(ISNUMBER(SEARCH($AB$15,Dienstplan!$DT$8:$EX$19))))) -> 0 | P76: =SUMPRODUCT((ISNUMBER(SEARCH($Y11,Dienstplan!$B$8:$B$19))*(ISNUMBER(SEARCH($AB$16,Dienstplan!$DT$8:$EX$19))))) -> 0 | Q76: =SUMPRODUCT((ISNUMBER(SEARCH($Y11,Dienstplan!$B$8:$B$19))*(ISNUMBER(SEARCH($AB$17,Dienstplan!$DT$8:$EX$19))))) -> 0 | R76: =SUMPRODUCT((ISNUMBER(SEARCH($Y11,Dienstplan!$B$8:$B$19))*(ISNUMBER(SEARCH($AB$18,Dienstplan!$DT$8:$EX$19))))) -> 0 | S76: =SUMPRODUCT((ISNUMBER(SEARCH($Y11,Dienstplan!$B$8:$B$19))*(ISNUMBER(SEARCH($AB$19,Dienstplan!$DT$8:$EX$19))))) -> 0 | T76: =SUM($F$66*$Z11) -> 160 | U76: =SUM($C76*Frueh_1+$D76*Spaet_1+$E76*Nacht_1+$F76*Normal_1+$I76*Sonderd_1-$J76*Put_W+$K76*Put_W+$L76*EH_Kurs+$M76*Koor_taet+$N76*Sekre_1+$O76*Put_W+$R76*Put_W+$P76*Put_W+$Q76*Put_W+G76*Put_W+H76*Put_W) -> 72 | V76: =SUM($U76-$T76) -> -88 | W76: =V76+W60 -> -336
B77: =B13 -> Schmidt | C77: =SUMPRODUCT((ISNUMBER(SEARCH($Y12,Dienstplan!$B$8:$B$19))*(ISNUMBER(SEARCH($AB$3,Dienstplan!$DT$8:$EX$19)))))-D77 -> 0 | D77: =SUMPRODUCT((ISNUMBER(SEARCH($Y12,Dienstplan!$B$8:$B$19))*(ISNUMBER(SEARCH($AB$4,Dienstplan!$DT$8:$EX$19))))) -> 0 | E77: =SUMPRODUCT((ISNUMBER(SEARCH($Y12,Dienstplan!$B$8:$B$19))*(ISNUMBER(SEARCH($AB$5,Dienstplan!$DT$8:$EX$19))))) -> 0 | F77: =SUMPRODUCT((ISNUMBER(SEARCH($Y12,Dienstplan!$B$8:$B$19))*(ISNUMBER(SEARCH($AB$6,Dienstplan!$DT$8:$EX$19))))) -> 0 | G77: =SUMPRODUCT((ISNUMBER(SEARCH($Y12,Dienstplan!$B$8:$B$19))*(ISNUMBER(SEARCH($AB$7,Dienstplan!$DT$8:$EX$19)))))-H77 -> 0 | H77: =SUMPRODUCT((ISNUMBER(SEARCH($Y12,Dienstplan!$B$8:$B$19))*(ISNUMBER(SEARCH($AB$8,Dienstplan!$DT$8:$EX$19))))) -> 0 | I77: =SUMPRODUCT((ISNUMBER(SEARCH($Y12,Dienstplan!$B$8:$B$19))*(ISNUMBER(SEARCH($AB$9,Dienstplan!$DT$8:$EX$19))))) -> 0 | J77: =SUMPRODUCT((ISNUMBER(SEARCH($Y12,Dienstplan!$B$8:$B$19))*(ISNUMBER(SEARCH($AB$10,Dienstplan!$DT$8:$EX$19))))) -> 0 | K77: =SUMPRODUCT((ISNUMBER(SEARCH($Y12,Dienstplan!$B$8:$B$19))*(ISNUMBER(SEARCH($AB$11,Dienstplan!$DT$8:$EX$19)))))-$Q77 -> 6 | L77: =SUMPRODUCT((ISNUMBER(SEARCH($Y12,Dienstplan!$B$8:$B$19))*(ISNUMBER(SEARCH($AB$12,Dienstplan!$DT$8:$EX$19))))) -> 0 | M77: =SUMPRODUCT((ISNUMBER(SEARCH($Y12,Dienstplan!$B$8:$B$19))*(ISNUMBER(SEARCH($AB$13,Dienstplan!$DT$8:$EX$19))))) -> 0 | N77: =SUMPRODUCT((ISNUMBER(SEARCH($Y12,Dienstplan!$B$8:$B$19))*(ISNUMBER(SEARCH($AB$14,Dienstplan!$DT$8:$EX$19))))) -> 0 | O77: =SUMPRODUCT((ISNUMBER(SEARCH($Y12,Dienstplan!$B$8:$B$19))*(ISNUMBER(SEARCH($AB$15,Dienstplan!$DT$8:$EX$19))))) -> 0 | P77: =SUMPRODUCT((ISNUMBER(SEARCH($Y12,Dienstplan!$B$8:$B$19))*(ISNUMBER(SEARCH($AB$16,Dienstplan!$DT$8:$EX$19))))) -> 0 | Q77: =SUMPRODUCT((ISNUMBER(SEARCH($Y12,Dienstplan!$B$8:$B$19))*(ISNUMBER(SEARCH($AB$17,Dienstplan!$DT$8:$EX$19))))) -> 0 | R77: =SUMPRODUCT((ISNUMBER(SEARCH($Y12,Dienstplan!$B$8:$B$19))*(ISNUMBER(SEARCH($AB$18,Dienstplan!$DT$8:$EX$19))))) -> 0 | S77: =SUMPRODUCT((ISNUMBER(SEARCH($Y12,Dienstplan!$B$8:$B$19))*(ISNUMBER(SEARCH($AB$19,Dienstplan!$DT$8:$EX$19))))) -> 0 | T77: =SUM($F$66*$Z12) -> 140 | U77: =SUM($C77*Frueh_1+$D77*Spaet_1+$E77*Nacht_1+$F77*Normal_1+$I77*Sonderd_1-$J77*Radi_L+$K77*Radi_L+$L77*EH_Kurs+$M77*Koor_taet+$N77*Sekre_1+$O77*Radi_L+$R77*Radi_L+$P77*Radi_L+$Q77*Radi_L+G77*Radi_L+H77*Radi_L) -> 42 | V77: =SUM($U77-$T77) -> -98 | W77: =V77+W61 -> -658
B78: =B14 -> Radimersky | C78: =SUMPRODUCT((ISNUMBER(SEARCH($Y13,Dienstplan!$B$8:$B$19))*(ISNUMBER(SEARCH($AB$3,Dienstplan!$DT$8:$EX$19)))))-D78 -> 0 | D78: =SUMPRODUCT((ISNUMBER(SEARCH($Y13,Dienstplan!$B$8:$B$19))*(ISNUMBER(SEARCH($AB$4,Dienstplan!$DT$8:$EX$19))))) -> 0 | E78: =SUMPRODUCT((ISNUMBER(SEARCH($Y13,Dienstplan!$B$8:$B$19))*(ISNUMBER(SEARCH($AB$5,Dienstplan!$DT$8:$EX$19))))) -> 0 | F78: =SUMPRODUCT((ISNUMBER(SEARCH($Y13,Dienstplan!$B$8:$B$19))*(ISNUMBER(SEARCH($AB$6,Dienstplan!$DT$8:$EX$19))))) -> 0 | G78: =SUMPRODUCT((ISNUMBER(SEARCH($Y13,Dienstplan!$B$8:$B$19))*(ISNUMBER(SEARCH($AB$7,Dienstplan!$DT$8:$EX$19)))))-H78 -> 0 | H78: =SUMPRODUCT((ISNUMBER(SEARCH($Y13,Dienstplan!$B$8:$B$19))*(ISNUMBER(SEARCH($AB$8,Dienstplan!$DT$8:$EX$19))))) -> 0 | I78: =SUMPRODUCT((ISNUMBER(SEARCH($Y13,Dienstplan!$B$8:$B$19))*(ISNUMBER(SEARCH($AB$9,Dienstplan!$DT$8:$EX$19))))) -> 0 | J78: =SUMPRODUCT((ISNUMBER(SEARCH($Y13,Dienstplan!$B$8:$B$19))*(ISNUMBER(SEARCH($AB$10,Dienstplan!$DT$8:$EX$19))))) -> 0 | K78: =SUMPRODUCT((ISNUMBER(SEARCH($Y13,Dienstplan!$B$8:$B$19))*(ISNUMBER(SEARCH($AB$11,Dienstplan!$DT$8:$EX$19)))))-$Q78 -> 5 | L78: =SUMPRODUCT((ISNUMBER(SEARCH($Y13,Dienstplan!$B$8:$B$19))*(ISNUMBER(SEARCH($AB$12,Dienstplan!$DT$8:$EX$19))))) -> 0 | M78: =SUMPRODUCT((ISNUMBER(SEARCH($Y13,Dienstplan!$B$8:$B$19))*(ISNUMBER(SEARCH($AB$13,Dienstplan!$DT$8:$EX$19))))) -> 0 | N78: =SUMPRODUCT((ISNUMBER(SEARCH($Y13,Dienstplan!$B$8:$B$19))*(ISNUMBER(SEARCH($AB$14,Dienstplan!$DT$8:$EX$19))))) -> 0 | O78: =SUMPRODUCT((ISNUMBER(SEARCH($Y13,Dienstplan!$B$8:$B$19))*(ISNUMBER(SEARCH($AB$15,Dienstplan!$DT$8:$EX$19))))) -> 0 | P78: =SUMPRODUCT((ISNUMBER(SEARCH($Y13,Dienstplan!$B$8:$B$19))*(ISNUMBER(SEARCH($AB$16,Dienstplan!$DT$8:$EX$19))))) -> 0 | Q78: =SUMPRODUCT((ISNUMBER(SEARCH($Y13,Dienstplan!$B$8:$B$19))*(ISNUMBER(SEARCH($AB$17,Dienstplan!$DT$8:$EX$19))))) -> 0 | R78: =SUMPRODUCT((ISNUMBER(SEARCH($Y13,Dienstplan!$B$8:$B$19))*(ISNUMBER(SEARCH($AB$18,Dienstplan!$DT$8:$EX$19))))) -> 0 | S78: =SUMPRODUCT((ISNUMBER(SEARCH($Y13,Dienstplan!$B$8:$B$19))*(ISNUMBER(SEARCH($AB$19,Dienstplan!$DT$8:$EX$19))))) -> 0 | T78: =SUM($F$66*$Z13) -> 60 | U78: =SUM($C78*Frueh_1+$D78*Spaet_1+$E78*Nacht_1+$F78*Normal_1+$I78*Sonderd_1-$J78*Fortenb+$K78*Fortenb+$L78*EH_Kurs+$M78*Koor_taet+$N78*Sekre_1+$O78*Fortenb+$R78*Fortenb+$P78*Fortenb+$Q78*Fortenb+G78*Fortenb+H78*Fortenb) -> 15 | V78: =SUM($U78-$T78) -> -45 | W78: =V78+W62 -> -267
B80: Summe | C80: =SUM(C68:C79) -> 0 | D80: =SUM(D68:D79) -> 0 | E80: =SUM(E68:E79) -> 10 | F80: =SUM(F68:F79) -> 19 | G80: =SUM(G68:G79) -> 0 | H80: =SUM(H68:H79) -> 0 | I80: =SUM(I68:I79) -> 0 | J80: =SUM(J68:J79) -> 0 | ... S80: =SUM(S68:S79) -> 4 | T80: =SUM(T68:T76) -> 1264 | U80: =SUM(U68:U76) -> 441.5
B82: Juni | D82: Arbeitstage | F82: 21 | I82: Samstage | K82: 4
C83: =Jahr!C3 -> FI | D83: =Jahr!D3 -> FII | E83: =Jahr!E3 -> SI | F83: =Jahr!F3 -> NI | G83: =Jahr!G3 -> DI | H83: =Jahr!H3 -> DII | I83: =Jahr!I3 -> SD | J83: =Jahr!J3 -> GT | ... S83: =Jahr!S3 -> NST | T83: Soll AZ | U83: Ist AZ | V83: Differenz | W83: Gesamt
B84: =B4 -> Breig | C84: =SUMPRODUCT((ISNUMBER(SEARCH($Y3,Dienstplan!$B$8:$B$19))*(ISNUMBER(SEARCH($AB$3,Dienstplan!$EY$8:$GB$19)))))-D84 -> 0 | D84: =SUMPRODUCT((ISNUMBER(SEARCH($Y3,Dienstplan!$B$8:$B$19))*(ISNUMBER(SEARCH($AB$4,Dienstplan!$EY$8:$GB$19))))) -> 0 | E84: =SUMPRODUCT((ISNUMBER(SEARCH($Y3,Dienstplan!$B$8:$B$19))*(ISNUMBER(SEARCH($AB$5,Dienstplan!$EY$8:$GB$19))))) -> 0 | F84: =SUMPRODUCT((ISNUMBER(SEARCH($Y3,Dienstplan!$B$8:$B$19))*(ISNUMBER(SEARCH($AB$6,Dienstplan!$EY$8:$GB$19))))) -> 3 | G84: =SUMPRODUCT((ISNUMBER(SEARCH($Y3,Dienstplan!$B$8:$B$19))*(ISNUMBER(SEARCH($AB$7,Dienstplan!$EY$8:$GB$19)))))-H84 -> 0 | H84: =SUMPRODUCT((ISNUMBER(SEARCH($Y3,Dienstplan!$B$8:$B$19))*(ISNUMBER(SEARCH($AB$8,Dienstplan!$EY$8:$GB$19))))) -> 0 | I84: =SUMPRODUCT((ISNUMBER(SEARCH($Y3,Dienstplan!$B$8:$B$19))*(ISNUMBER(SEARCH($AB$9,Dienstplan!$EY$8:$GB$19))))) -> 0 | J84: =SUMPRODUCT((ISNUMBER(SEARCH($Y3,Dienstplan!$B$8:$B$19))*(ISNUMBER(SEARCH($AB$10,Dienstplan!$EY$8:$GB$19))))) -> 0 | K84: =SUMPRODUCT((ISNUMBER(SEARCH($Y3,Dienstplan!$B$8:$B$19))*(ISNUMBER(SEARCH($AB$11,Dienstplan!$EY$8:$GB$19)))))-$Q84 -> 3 | L84: =SUMPRODUCT((ISNUMBER(SEARCH($Y3,Dienstplan!$B$8:$B$19))*(ISNUMBER(SEARCH($AB$12,Dienstplan!$EY$8:$GB$19))))) -> 0 | M84: =SUMPRODUCT((ISNUMBER(SEARCH($Y3,Dienstplan!$B$8:$B$19))*(ISNUMBER(SEARCH($AB$13,Dienstplan!$EY$8:$GB$19))))) -> 0 | N84: =SUMPRODUCT((ISNUMBER(SEARCH($Y3,Dienstplan!$B$8:$B$19))*(ISNUMBER(SEARCH($AB$14,Dienstplan!$EY$8:$GB$19))))) -> 0 | O84: =SUMPRODUCT((ISNUMBER(SEARCH($Y3,Dienstplan!$B$8:$B$19))*(ISNUMBER(SEARCH($AB$15,Dienstplan!$EY$8:$GB$19))))) -> 0 | P84: =SUMPRODUCT((ISNUMBER(SEARCH($Y3,Dienstplan!$B$8:$B$19))*(ISNUMBER(SEARCH($AB$16,Dienstplan!$EY$8:$GB$19))))) -> 0 | Q84: =SUMPRODUCT((ISNUMBER(SEARCH($Y3,Dienstplan!$B$8:$B$19))*(ISNUMBER(SEARCH($AB$17,Dienstplan!$EY$8:$GB$19))))) -> 0 | R84: =SUMPRODUCT((ISNUMBER(SEARCH($Y3,Dienstplan!$B$8:$B$19))*(ISNUMBER(SEARCH($AB$18,Dienstplan!$EY$8:$GB$19))))) -> 0 | S84: =SUMPRODUCT((ISNUMBER(SEARCH($Y3,Dienstplan!$B$8:$B$19))*(ISNUMBER(SEARCH($AB$19,Dienstplan!$EY$8:$GB$19))))) -> 0 | T84: =SUM($F$82*$Z3) -> 168 | U84: =SUM($C84*Frueh_1+$D84*Spaet_1+$E84*Nacht_1+$F84*Normal_1+$I84*Sonderd_1-$J84*Velten+$K84*Velten+$L84*EH_Kurs+$M84*Koor_taet+$N84*Sekre_1+$O84*Velten+$R84*Velten+$P84*Velten+$Q84*Velten+G84*Velt_M+H84*Velt_M) -> 46.5 | V84: =SUM($U84-$T84) -> -121.5 | W84: =V84+W68 -> -330.5
B85: =B5 -> Siebert | C85: =SUMPRODUCT((ISNUMBER(SEARCH($Y4,Dienstplan!$B$8:$B$19))*(ISNUMBER(SEARCH($AB$3,Dienstplan!$EY$8:$GB$19)))))-D85 -> 0 | D85: =SUMPRODUCT((ISNUMBER(SEARCH($Y4,Dienstplan!$B$8:$B$19))*(ISNUMBER(SEARCH($AB$4,Dienstplan!$EY$8:$GB$19))))) -> 0 | E85: =SUMPRODUCT((ISNUMBER(SEARCH($Y4,Dienstplan!$B$8:$B$19))*(ISNUMBER(SEARCH($AB$5,Dienstplan!$EY$8:$GB$19))))) -> 5 | F85: =SUMPRODUCT((ISNUMBER(SEARCH($Y4,Dienstplan!$B$8:$B$19))*(ISNUMBER(SEARCH($AB$6,Dienstplan!$EY$8:$GB$19))))) -> 2 | G85: =SUMPRODUCT((ISNUMBER(SEARCH($Y4,Dienstplan!$B$8:$B$19))*(ISNUMBER(SEARCH($AB$7,Dienstplan!$EY$8:$GB$19)))))-H85 -> 0 | H85: =SUMPRODUCT((ISNUMBER(SEARCH($Y4,Dienstplan!$B$8:$B$19))*(ISNUMBER(SEARCH($AB$8,Dienstplan!$EY$8:$GB$19))))) -> 0 | I85: =SUMPRODUCT((ISNUMBER(SEARCH($Y4,Dienstplan!$B$8:$B$19))*(ISNUMBER(SEARCH($AB$9,Dienstplan!$EY$8:$GB$19))))) -> 0 | J85: =SUMPRODUCT((ISNUMBER(SEARCH($Y4,Dienstplan!$B$8:$B$19))*(ISNUMBER(SEARCH($AB$10,Dienstplan!$EY$8:$GB$19))))) -> 0 | K85: =SUMPRODUCT((ISNUMBER(SEARCH($Y4,Dienstplan!$B$8:$B$19))*(ISNUMBER(SEARCH($AB$11,Dienstplan!$EY$8:$GB$19)))))-$Q85 -> 2 | L85: =SUMPRODUCT((ISNUMBER(SEARCH($Y4,Dienstplan!$B$8:$B$19))*(ISNUMBER(SEARCH($AB$12,Dienstplan!$EY$8:$GB$19))))) -> 0 | M85: =SUMPRODUCT((ISNUMBER(SEARCH($Y4,Dienstplan!$B$8:$B$19))*(ISNUMBER(SEARCH($AB$13,Dienstplan!$EY$8:$GB$19))))) -> 0 | N85: =SUMPRODUCT((ISNUMBER(SEARCH($Y4,Dienstplan!$B$8:$B$19))*(ISNUMBER(SEARCH($AB$14,Dienstplan!$EY$8:$GB$19))))) -> 0 | O85: =SUMPRODUCT((ISNUMBER(SEARCH($Y4,Dienstplan!$B$8:$B$19))*(ISNUMBER(SEARCH($AB$15,Dienstplan!$EY$8:$GB$19))))) -> 0 | P85: =SUMPRODUCT((ISNUMBER(SEARCH($Y4,Dienstplan!$B$8:$B$19))*(ISNUMBER(SEARCH($AB$16,Dienstplan!$EY$8:$GB$19))))) -> 0 | Q85: =SUMPRODUCT((ISNUMBER(SEARCH($Y4,Dienstplan!$B$8:$B$19))*(ISNUMBER(SEARCH($AB$17,Dienstplan!$EY$8:$GB$19))))) -> 0 | R85: =SUMPRODUCT((ISNUMBER(SEARCH($Y4,Dienstplan!$B$8:$B$19))*(ISNUMBER(SEARCH($AB$18,Dienstplan!$EY$8:$GB$19))))) -> 0 | S85: =SUMPRODUCT((ISNUMBER(SEARCH($Y4,Dienstplan!$B$8:$B$19))*(ISNUMBER(SEARCH($AB$19,Dienstplan!$EY$8:$GB$19))))) -> 1 | T85: =SUM($F$82*$Z4) -> 147 | U85: =SUM($C85*Frueh_1+$D85*Spaet_1+$E85*Nacht_1+$F85*Normal_1+$I85*Sonderd_1-$J85*Brue_H+$K85*Brue_H+$L85*EH_Kurs+$M85*Koor_taet+$N85*Sekre_1+$O85*Brue_H+$R85*Brue_H+$P85*Brue_H+$Q85*Brue_H+G85*Brue_H+H85*Brue_H) -> 66.5 | V85: =SUM($U85-$T85) -> -80.5 | W85: =V85+W69 -> -249.75
B86: =B6 -> Jochim | C86: =SUMPRODUCT((ISNUMBER(SEARCH($Y5,Dienstplan!$B$8:$B$19))*(ISNUMBER(SEARCH($AB$3,Dienstplan!$EY$8:$GB$19)))))-D86 -> 0 | D86: =SUMPRODUCT((ISNUMBER(SEARCH($Y5,Dienstplan!$B$8:$B$19))*(ISNUMBER(SEARCH($AB$4,Dienstplan!$EY$8:$GB$19))))) -> 0 | E86: =SUMPRODUCT((ISNUMBER(SEARCH($Y5,Dienstplan!$B$8:$B$19))*(ISNUMBER(SEARCH($AB$5,Dienstplan!$EY$8:$GB$19))))) -> 0 | F86: =SUMPRODUCT((ISNUMBER(SEARCH($Y5,Dienstplan!$B$8:$B$19))*(ISNUMBER(SEARCH($AB$6,Dienstplan!$EY$8:$GB$19))))) -> 0 | G86: =SUMPRODUCT((ISNUMBER(SEARCH($Y5,Dienstplan!$B$8:$B$19))*(ISNUMBER(SEARCH($AB$7,Dienstplan!$EY$8:$GB$19)))))-H86 -> 0 | H86: =SUMPRODUCT((ISNUMBER(SEARCH($Y5,Dienstplan!$B$8:$B$19))*(ISNUMBER(SEARCH($AB$8,Dienstplan!$EY$8:$GB$19))))) -> 0 | I86: =SUMPRODUCT((ISNUMBER(SEARCH($Y5,Dienstplan!$B$8:$B$19))*(ISNUMBER(SEARCH($AB$9,Dienstplan!$EY$8:$GB$19))))) -> 0 | J86: =SUMPRODUCT((ISNUMBER(SEARCH($Y5,Dienstplan!$B$8:$B$19))*(ISNUMBER(SEARCH($AB$10,Dienstplan!$EY$8:$GB$19))))) -> 0 | K86: =SUMPRODUCT((ISNUMBER(SEARCH($Y5,Dienstplan!$B$8:$B$19))*(ISNUMBER(SEARCH($AB$11,Dienstplan!$EY$8:$GB$19)))))-$Q86 -> 0 | L86: =SUMPRODUCT((ISNUMBER(SEARCH($Y5,Dienstplan!$B$8:$B$19))*(ISNUMBER(SEARCH($AB$12,Dienstplan!$EY$8:$GB$19))))) -> 0 | M86: =SUMPRODUCT((ISNUMBER(SEARCH($Y5,Dienstplan!$B$8:$B$19))*(ISNUMBER(SEARCH($AB$13,Dienstplan!$EY$8:$GB$19))))) -> 0 | N86: =SUMPRODUCT((ISNUMBER(SEARCH($Y5,Dienstplan!$B$8:$B$19))*(ISNUMBER(SEARCH($AB$14,Dienstplan!$EY$8:$GB$19))))) -> 0 | O86: =SUMPRODUCT((ISNUMBER(SEARCH($Y5,Dienstplan!$B$8:$B$19))*(ISNUMBER(SEARCH($AB$15,Dienstplan!$EY$8:$GB$19))))) -> 0 | P86: =SUMPRODUCT((ISNUMBER(SEARCH($Y5,Dienstplan!$B$8:$B$19))*(ISNUMBER(SEARCH($AB$16,Dienstplan!$EY$8:$GB$19))))) -> 0 | Q86: =SUMPRODUCT((ISNUMBER(SEARCH($Y5,Dienstplan!$B$8:$B$19))*(ISNUMBER(SEARCH($AB$17,Dienstplan!$EY$8:$GB$19))))) -> 0 | R86: =SUMPRODUCT((ISNUMBER(SEARCH($Y5,Dienstplan!$B$8:$B$19))*(ISNUMBER(SEARCH($AB$18,Dienstplan!$EY$8:$GB$19))))) -> 0 | S86: =SUMPRODUCT((ISNUMBER(SEARCH($Y5,Dienstplan!$B$8:$B$19))*(ISNUMBER(SEARCH($AB$19,Dienstplan!$EY$8:$GB$19))))) -> 0 | T86: =SUM($F$82*$Z5) -> 147 | U86: =SUM($C86*Frueh_1+$D86*Spaet_1+$E86*Nacht_1+$F86*Normal_1+$I86*Sonderd_1-$J86*Rath_M+$K86*Rath_M+$L86*EH_Kurs+$M86*Koor_taet+$N86*Sekre_1+$O86*Rath_M+$R86*Rath_M+$P86*Rath_M+$Q86*Rath_M+G86*Rath_M+H86*Rath_M) -> 0 | V86: =SUM($U86-$T86) -> -147 | W86: =V86+W70 -> -726.75
B87: =B7 -> Wunsch | C87: =SUMPRODUCT((ISNUMBER(SEARCH($Y6,Dienstplan!$B$8:$B$19))*(ISNUMBER(SEARCH($AB$3,Dienstplan!$EY$8:$GB$19)))))-D87 -> 0 | D87: =SUMPRODUCT((ISNUMBER(SEARCH($Y6,Dienstplan!$B$8:$B$19))*(ISNUMBER(SEARCH($AB$4,Dienstplan!$EY$8:$GB$19))))) -> 0 | E87: =SUMPRODUCT((ISNUMBER(SEARCH($Y6,Dienstplan!$B$8:$B$19))*(ISNUMBER(SEARCH($AB$5,Dienstplan!$EY$8:$GB$19))))) -> 3 | F87: =SUMPRODUCT((ISNUMBER(SEARCH($Y6,Dienstplan!$B$8:$B$19))*(ISNUMBER(SEARCH($AB$6,Dienstplan!$EY$8:$GB$19))))) -> 0 | G87: =SUMPRODUCT((ISNUMBER(SEARCH($Y6,Dienstplan!$B$8:$B$19))*(ISNUMBER(SEARCH($AB$7,Dienstplan!$EY$8:$GB$19)))))-H87 -> 0 | H87: =SUMPRODUCT((ISNUMBER(SEARCH($Y6,Dienstplan!$B$8:$B$19))*(ISNUMBER(SEARCH($AB$8,Dienstplan!$EY$8:$GB$19))))) -> 0 | I87: =SUMPRODUCT((ISNUMBER(SEARCH($Y6,Dienstplan!$B$8:$B$19))*(ISNUMBER(SEARCH($AB$9,Dienstplan!$EY$8:$GB$19))))) -> 0 | J87: =SUMPRODUCT((ISNUMBER(SEARCH($Y6,Dienstplan!$B$8:$B$19))*(ISNUMBER(SEARCH($AB$10,Dienstplan!$EY$8:$GB$19))))) -> 0 | K87: =SUMPRODUCT((ISNUMBER(SEARCH($Y6,Dienstplan!$B$8:$B$19))*(ISNUMBER(SEARCH($AB$11,Dienstplan!$EY$8:$GB$19)))))-$Q87 -> 6 | L87: =SUMPRODUCT((ISNUMBER(SEARCH($Y6,Dienstplan!$B$8:$B$19))*(ISNUMBER(SEARCH($AB$12,Dienstplan!$EY$8:$GB$19))))) -> 0 | M87: =SUMPRODUCT((ISNUMBER(SEARCH($Y6,Dienstplan!$B$8:$B$19))*(ISNUMBER(SEARCH($AB$13,Dienstplan!$EY$8:$GB$19))))) -> 0 | N87: =SUMPRODUCT((ISNUMBER(SEARCH($Y6,Dienstplan!$B$8:$B$19))*(ISNUMBER(SEARCH($AB$14,Dienstplan!$EY$8:$GB$19))))) -> 0 | O87: =SUMPRODUCT((ISNUMBER(SEARCH($Y6,Dienstplan!$B$8:$B$19))*(ISNUMBER(SEARCH($AB$15,Dienstplan!$EY$8:$GB$19))))) -> 0 | P87: =SUMPRODUCT((ISNUMBER(SEARCH($Y6,Dienstplan!$B$8:$B$19))*(ISNUMBER(SEARCH($AB$16,Dienstplan!$EY$8:$GB$19))))) -> 0 | Q87: =SUMPRODUCT((ISNUMBER(SEARCH($Y6,Dienstplan!$B$8:$B$19))*(ISNUMBER(SEARCH($AB$17,Dienstplan!$EY$8:$GB$19))))) -> 0 | R87: =SUMPRODUCT((ISNUMBER(SEARCH($Y6,Dienstplan!$B$8:$B$19))*(ISNUMBER(SEARCH($AB$18,Dienstplan!$EY$8:$GB$19))))) -> 0 | S87: =SUMPRODUCT((ISNUMBER(SEARCH($Y6,Dienstplan!$B$8:$B$19))*(ISNUMBER(SEARCH($AB$19,Dienstplan!$EY$8:$GB$19))))) -> 0 | T87: =SUM($F$82*$Z6) -> 168 | U87: =SUM($C87*Frueh_1+$D87*Spaet_1+$E87*Nacht_1+$F87*Normal_1+$I87*Sonderd_1-$J87*Scho_K+$K87*Scho_K+$L87*EH_Kurs+$M87*Koor_taet+$N87*Sekre_1+$O87*Scho_K+$R87*Scho_K+$P87*Scho_K+$Q87*Scho_K+G87*Scho_K+H87*Scho_K) -> 70.5 | V87: =SUM($U87-$T87) -> -97.5 | W87: =V87+W71 -> -373.5
B88: =B8 -> Göpfrich | C88: =SUMPRODUCT((ISNUMBER(SEARCH($Y7,Dienstplan!$B$8:$B$19))*(ISNUMBER(SEARCH($AB$3,Dienstplan!$EY$8:$GB$19)))))-D88 -> 0 | D88: =SUMPRODUCT((ISNUMBER(SEARCH($Y7,Dienstplan!$B$8:$B$19))*(ISNUMBER(SEARCH($AB$4,Dienstplan!$EY$8:$GB$19))))) -> 0 | E88: =SUMPRODUCT((ISNUMBER(SEARCH($Y7,Dienstplan!$B$8:$B$19))*(ISNUMBER(SEARCH($AB$5,Dienstplan!$EY$8:$GB$19))))) -> 5 | F88: =SUMPRODUCT((ISNUMBER(SEARCH($Y7,Dienstplan!$B$8:$B$19))*(ISNUMBER(SEARCH($AB$6,Dienstplan!$EY$8:$GB$19))))) -> 5 | G88: =SUMPRODUCT((ISNUMBER(SEARCH($Y7,Dienstplan!$B$8:$B$19))*(ISNUMBER(SEARCH($AB$7,Dienstplan!$EY$8:$GB$19)))))-H88 -> 0 | H88: =SUMPRODUCT((ISNUMBER(SEARCH($Y7,Dienstplan!$B$8:$B$19))*(ISNUMBER(SEARCH($AB$8,Dienstplan!$EY$8:$GB$19))))) -> 0 | I88: =SUMPRODUCT((ISNUMBER(SEARCH($Y7,Dienstplan!$B$8:$B$19))*(ISNUMBER(SEARCH($AB$9,Dienstplan!$EY$8:$GB$19))))) -> 0 | J88: =SUMPRODUCT((ISNUMBER(SEARCH($Y7,Dienstplan!$B$8:$B$19))*(ISNUMBER(SEARCH($AB$10,Dienstplan!$EY$8:$GB$19))))) -> 0 | K88: =SUMPRODUCT((ISNUMBER(SEARCH($Y7,Dienstplan!$B$8:$B$19))*(ISNUMBER(SEARCH($AB$11,Dienstplan!$EY$8:$GB$19)))))-$Q88 -> 0 | L88: =SUMPRODUCT((ISNUMBER(SEARCH($Y7,Dienstplan!$B$8:$B$19))*(ISNUMBER(SEARCH($AB$12,Dienstplan!$EY$8:$GB$19))))) -> 0 | M88: =SUMPRODUCT((ISNUMBER(SEARCH($Y7,Dienstplan!$B$8:$B$19))*(ISNUMBER(SEARCH($AB$13,Dienstplan!$EY$8:$GB$19))))) -> 0 | N88: =SUMPRODUCT((ISNUMBER(SEARCH($Y7,Dienstplan!$B$8:$B$19))*(ISNUMBER(SEARCH($AB$14,Dienstplan!$EY$8:$GB$19))))) -> 0 | O88: =SUMPRODUCT((ISNUMBER(SEARCH($Y7,Dienstplan!$B$8:$B$19))*(ISNUMBER(SEARCH($AB$15,Dienstplan!$EY$8:$GB$19))))) -> 3 | P88: =SUMPRODUCT((ISNUMBER(SEARCH($Y7,Dienstplan!$B$8:$B$19))*(ISNUMBER(SEARCH($AB$16,Dienstplan!$EY$8:$GB$19))))) -> 0 | Q88: =SUMPRODUCT((ISNUMBER(SEARCH($Y7,Dienstplan!$B$8:$B$19))*(ISNUMBER(SEARCH($AB$17,Dienstplan!$EY$8:$GB$19))))) -> 0 | R88: =SUMPRODUCT((ISNUMBER(SEARCH($Y7,Dienstplan!$B$8:$B$19))*(ISNUMBER(SEARCH($AB$18,Dienstplan!$EY$8:$GB$19))))) -> 0 | S88: =SUMPRODUCT((ISNUMBER(SEARCH($Y7,Dienstplan!$B$8:$B$19))*(ISNUMBER(SEARCH($AB$19,Dienstplan!$EY$8:$GB$19))))) -> 1 | T88: =SUM($F$82*$Z7) -> 147 | U88: =SUM($C88*Frueh_1+$D88*Spaet_1+$E88*Nacht_1+$F88*Normal_1+$I88*Sonderd_1-$J88*Krie_B+$K88*Krie_B+$L88*EH_Kurs+$M88*Koor_taet+$N88*Sekre_1+$O88*Krie_B+$R88*Krie_B+$P88*Krie_B+$Q88*Krie_B+G88*Krie_B+H88*Krie_B) -> 96 | V88: =SUM($U88-$T88) -> -51 | W88: =V88+W72 -> -189.75
B89: =B9 -> Zeller | C89: =SUMPRODUCT((ISNUMBER(SEARCH($Y8,Dienstplan!$B$8:$B$19))*(ISNUMBER(SEARCH($AB$3,Dienstplan!$EY$8:$GB$19)))))-D89 -> 0 | D89: =SUMPRODUCT((ISNUMBER(SEARCH($Y8,Dienstplan!$B$8:$B$19))*(ISNUMBER(SEARCH($AB$4,Dienstplan!$EY$8:$GB$19))))) -> 0 | E89: =SUMPRODUCT((ISNUMBER(SEARCH($Y8,Dienstplan!$B$8:$B$19))*(ISNUMBER(SEARCH($AB$5,Dienstplan!$EY$8:$GB$19))))) -> 2 | F89: =SUMPRODUCT((ISNUMBER(SEARCH($Y8,Dienstplan!$B$8:$B$19))*(ISNUMBER(SEARCH($AB$6,Dienstplan!$EY$8:$GB$19))))) -> 5 | G89: =SUMPRODUCT((ISNUMBER(SEARCH($Y8,Dienstplan!$B$8:$B$19))*(ISNUMBER(SEARCH($AB$7,Dienstplan!$EY$8:$GB$19)))))-H89 -> 0 | H89: =SUMPRODUCT((ISNUMBER(SEARCH($Y8,Dienstplan!$B$8:$B$19))*(ISNUMBER(SEARCH($AB$8,Dienstplan!$EY$8:$GB$19))))) -> 0 | I89: =SUMPRODUCT((ISNUMBER(SEARCH($Y8,Dienstplan!$B$8:$B$19))*(ISNUMBER(SEARCH($AB$9,Dienstplan!$EY$8:$GB$19))))) -> 0 | J89: =SUMPRODUCT((ISNUMBER(SEARCH($Y8,Dienstplan!$B$8:$B$19))*(ISNUMBER(SEARCH($AB$10,Dienstplan!$EY$8:$GB$19))))) -> 0 | K89: =SUMPRODUCT((ISNUMBER(SEARCH($Y8,Dienstplan!$B$8:$B$19))*(ISNUMBER(SEARCH($AB$11,Dienstplan!$EY$8:$GB$19)))))-$Q89 -> 0 | L89: =SUMPRODUCT((ISNUMBER(SEARCH($Y8,Dienstplan!$B$8:$B$19))*(ISNUMBER(SEARCH($AB$12,Dienstplan!$EY$8:$GB$19))))) -> 0 | M89: =SUMPRODUCT((ISNUMBER(SEARCH($Y8,Dienstplan!$B$8:$B$19))*(ISNUMBER(SEARCH($AB$13,Dienstplan!$EY$8:$GB$19))))) -> 0 | N89: =SUMPRODUCT((ISNUMBER(SEARCH($Y8,Dienstplan!$B$8:$B$19))*(ISNUMBER(SEARCH($AB$14,Dienstplan!$EY$8:$GB$19))))) -> 0 | O89: =SUMPRODUCT((ISNUMBER(SEARCH($Y8,Dienstplan!$B$8:$B$19))*(ISNUMBER(SEARCH($AB$15,Dienstplan!$EY$8:$GB$19))))) -> 0 | P89: =SUMPRODUCT((ISNUMBER(SEARCH($Y8,Dienstplan!$B$8:$B$19))*(ISNUMBER(SEARCH($AB$16,Dienstplan!$EY$8:$GB$19))))) -> 0 | Q89: =SUMPRODUCT((ISNUMBER(SEARCH($Y8,Dienstplan!$B$8:$B$19))*(ISNUMBER(SEARCH($AB$17,Dienstplan!$EY$8:$GB$19))))) -> 0 | R89: =SUMPRODUCT((ISNUMBER(SEARCH($Y8,Dienstplan!$B$8:$B$19))*(ISNUMBER(SEARCH($AB$18,Dienstplan!$EY$8:$GB$19))))) -> 0 | S89: =SUMPRODUCT((ISNUMBER(SEARCH($Y8,Dienstplan!$B$8:$B$19))*(ISNUMBER(SEARCH($AB$19,Dienstplan!$EY$8:$GB$19))))) -> 1 | T89: =SUM($F$82*$Z8) -> 168 | U89: =SUM($C89*Frueh_1+$D89*Spaet_1+$E89*Nacht_1+$F89*Normal_1+$I89*Sonderd_1-$J89*Muster+$K89*Muster+$L89*EH_Kurs+$M89*Koor_taet+$N89*Sekre_1+$O89*Muster+$P89*Muster+$Q89*Muster+$R89*Muster+G89*Muster+H89*Muster) -> 52.5 | V89: =SUM($U89-$T89) -> -115.5 | W89: =V89+W73 -> -352.25
B90: =B10 -> Behrendt | C90: =SUMPRODUCT((ISNUMBER(SEARCH($Y9,Dienstplan!$B$8:$B$19))*(ISNUMBER(SEARCH($AB$3,Dienstplan!$EY$8:$GB$19)))))-D90 -> 0 | D90: =SUMPRODUCT((ISNUMBER(SEARCH($Y9,Dienstplan!$B$8:$B$19))*(ISNUMBER(SEARCH($AB$4,Dienstplan!$EY$8:$GB$19))))) -> 0 | E90: =SUMPRODUCT((ISNUMBER(SEARCH($Y9,Dienstplan!$B$8:$B$19))*(ISNUMBER(SEARCH($AB$5,Dienstplan!$EY$8:$GB$19))))) -> 5 | F90: =SUMPRODUCT((ISNUMBER(SEARCH($Y9,Dienstplan!$B$8:$B$19))*(ISNUMBER(SEARCH($AB$6,Dienstplan!$EY$8:$GB$19))))) -> 5 | G90: =SUMPRODUCT((ISNUMBER(SEARCH($Y9,Dienstplan!$B$8:$B$19))*(ISNUMBER(SEARCH($AB$7,Dienstplan!$EY$8:$GB$19)))))-H90 -> 0 | H90: =SUMPRODUCT((ISNUMBER(SEARCH($Y9,Dienstplan!$B$8:$B$19))*(ISNUMBER(SEARCH($AB$8,Dienstplan!$EY$8:$GB$19))))) -> 0 | I90: =SUMPRODUCT((ISNUMBER(SEARCH($Y9,Dienstplan!$B$8:$B$19))*(ISNUMBER(SEARCH($AB$9,Dienstplan!$EY$8:$GB$19))))) -> 0 | J90: =SUMPRODUCT((ISNUMBER(SEARCH($Y9,Dienstplan!$B$8:$B$19))*(ISNUMBER(SEARCH($AB$10,Dienstplan!$EY$8:$GB$19))))) -> 0 | K90: =SUMPRODUCT((ISNUMBER(SEARCH($Y9,Dienstplan!$B$8:$B$19))*(ISNUMBER(SEARCH($AB$11,Dienstplan!$EY$8:$GB$19)))))-$Q90 -> 0 | L90: =SUMPRODUCT((ISNUMBER(SEARCH($Y9,Dienstplan!$B$8:$B$19))*(ISNUMBER(SEARCH($AB$12,Dienstplan!$EY$8:$GB$19))))) -> 0 | M90: =SUMPRODUCT((ISNUMBER(SEARCH($Y9,Dienstplan!$B$8:$B$19))*(ISNUMBER(SEARCH($AB$13,Dienstplan!$EY$8:$GB$19))))) -> 0 | N90: =SUMPRODUCT((ISNUMBER(SEARCH($Y9,Dienstplan!$B$8:$B$19))*(ISNUMBER(SEARCH($AB$14,Dienstplan!$EY$8:$GB$19))))) -> 0 | O90: =SUMPRODUCT((ISNUMBER(SEARCH($Y9,Dienstplan!$B$8:$B$19))*(ISNUMBER(SEARCH($AB$15,Dienstplan!$EY$8:$GB$19))))) -> 0 | P90: =SUMPRODUCT((ISNUMBER(SEARCH($Y9,Dienstplan!$B$8:$B$19))*(ISNUMBER(SEARCH($AB$16,Dienstplan!$EY$8:$GB$19))))) -> 0 | Q90: =SUMPRODUCT((ISNUMBER(SEARCH($Y9,Dienstplan!$B$8:$B$19))*(ISNUMBER(SEARCH($AB$17,Dienstplan!$EY$8:$GB$19))))) -> 0 | R90: =SUMPRODUCT((ISNUMBER(SEARCH($Y9,Dienstplan!$B$8:$B$19))*(ISNUMBER(SEARCH($AB$18,Dienstplan!$EY$8:$GB$19))))) -> 0 | S90: =SUMPRODUCT((ISNUMBER(SEARCH($Y9,Dienstplan!$B$8:$B$19))*(ISNUMBER(SEARCH($AB$19,Dienstplan!$EY$8:$GB$19))))) -> 1 | T90: =SUM($F$82*$Z9) -> 147 | U90: =SUM($C90*Frueh_1+$D90*Spaet_1+$E90*Nacht_1+$F90*Normal_1+$I90*Sonderd_1-$J90*Muster+$K90*Muster+$L90*EH_Kurs+$M90*Koor_taet+$N90*Sekre_1+$O90*Muster+$P90*Muster+$Q90*Muster+$R90*Muster+G90*Muster+H90*Muster) -> 75 | V90: =SUM($U90-$T90) -> -72 | W90: =V90+W74 -> -383.95
B91: =B11 -> Krempl | C91: =SUMPRODUCT((ISNUMBER(SEARCH($Y10,Dienstplan!$B$8:$B$19))*(ISNUMBER(SEARCH($AB$3,Dienstplan!$EY$8:$GB$19)))))-D91 -> 0 | D91: =SUMPRODUCT((ISNUMBER(SEARCH($Y10,Dienstplan!$B$8:$B$19))*(ISNUMBER(SEARCH($AB$4,Dienstplan!$EY$8:$GB$19))))) -> 0 | E91: =SUMPRODUCT((ISNUMBER(SEARCH($Y10,Dienstplan!$B$8:$B$19))*(ISNUMBER(SEARCH($AB$5,Dienstplan!$EY$8:$GB$19))))) -> 0 | F91: =SUMPRODUCT((ISNUMBER(SEARCH($Y10,Dienstplan!$B$8:$B$19))*(ISNUMBER(SEARCH($AB$6,Dienstplan!$EY$8:$GB$19))))) -> 0 | G91: =SUMPRODUCT((ISNUMBER(SEARCH($Y10,Dienstplan!$B$8:$B$19))*(ISNUMBER(SEARCH($AB$7,Dienstplan!$EY$8:$GB$19)))))-H91 -> 0 | H91: =SUMPRODUCT((ISNUMBER(SEARCH($Y10,Dienstplan!$B$8:$B$19))*(ISNUMBER(SEARCH($AB$8,Dienstplan!$EY$8:$GB$19))))) -> 0 | I91: =SUMPRODUCT((ISNUMBER(SEARCH($Y10,Dienstplan!$B$8:$B$19))*(ISNUMBER(SEARCH($AB$9,Dienstplan!$EY$8:$GB$19))))) -> 0 | J91: =SUMPRODUCT((ISNUMBER(SEARCH($Y10,Dienstplan!$B$8:$B$19))*(ISNUMBER(SEARCH($AB$10,Dienstplan!$EY$8:$GB$19))))) -> 0 | K91: =SUMPRODUCT((ISNUMBER(SEARCH($Y10,Dienstplan!$B$8:$B$19))*(ISNUMBER(SEARCH($AB$11,Dienstplan!$EY$8:$GB$19)))))-$Q91 -> 3 | L91: =SUMPRODUCT((ISNUMBER(SEARCH($Y10,Dienstplan!$B$8:$B$19))*(ISNUMBER(SEARCH($AB$12,Dienstplan!$EY$8:$GB$19))))) -> 0 | M91: =SUMPRODUCT((ISNUMBER(SEARCH($Y10,Dienstplan!$B$8:$B$19))*(ISNUMBER(SEARCH($AB$13,Dienstplan!$EY$8:$GB$19))))) -> 0 | N91: =SUMPRODUCT((ISNUMBER(SEARCH($Y10,Dienstplan!$B$8:$B$19))*(ISNUMBER(SEARCH($AB$14,Dienstplan!$EY$8:$GB$19))))) -> 0 | O91: =SUMPRODUCT((ISNUMBER(SEARCH($Y10,Dienstplan!$B$8:$B$19))*(ISNUMBER(SEARCH($AB$15,Dienstplan!$EY$8:$GB$19))))) -> 3 | P91: =SUMPRODUCT((ISNUMBER(SEARCH($Y10,Dienstplan!$B$8:$B$19))*(ISNUMBER(SEARCH($AB$16,Dienstplan!$EY$8:$GB$19))))) -> 0 | Q91: =SUMPRODUCT((ISNUMBER(SEARCH($Y10,Dienstplan!$B$8:$B$19))*(ISNUMBER(SEARCH($AB$17,Dienstplan!$EY$8:$GB$19))))) -> 0 | R91: =SUMPRODUCT((ISNUMBER(SEARCH($Y10,Dienstplan!$B$8:$B$19))*(ISNUMBER(SEARCH($AB$18,Dienstplan!$EY$8:$GB$19))))) -> 0 | S91: =SUMPRODUCT((ISNUMBER(SEARCH($Y10,Dienstplan!$B$8:$B$19))*(ISNUMBER(SEARCH($AB$19,Dienstplan!$EY$8:$GB$19))))) -> 0 | T91: =SUM($F$82*$Z10) -> 67.2 | U91: =SUM($C91*Frueh_1+$D91*Spaet_1+$E91*Nacht_1+$F91*Normal_1+$I91*Sonderd_1-$J91*Krem_E+$K91*Krem_E+$L91*EH_Kurs+$M91*Koor_taet+$N91*Sekre_1+$O91*Krem_E+$R91*Krem_E+$P91*Krem_E+$Q91*Krem_E+G91*Krem_E+H91*Krem_E) -> 19.2 | V91: =SUM($U91-$T91) -> -48 | W91: =V91+W75 -> -291.1
B92: =B12 -> Putschler | C92: =SUMPRODUCT((ISNUMBER(SEARCH($Y11,Dienstplan!$B$8:$B$19))*(ISNUMBER(SEARCH($AB$3,Dienstplan!$EY$8:$GB$19)))))-D92 -> 0 | D92: =SUMPRODUCT((ISNUMBER(SEARCH($Y11,Dienstplan!$B$8:$B$19))*(ISNUMBER(SEARCH($AB$4,Dienstplan!$EY$8:$GB$19))))) -> 0 | E92: =SUMPRODUCT((ISNUMBER(SEARCH($Y11,Dienstplan!$B$8:$B$19))*(ISNUMBER(SEARCH($AB$5,Dienstplan!$EY$8:$GB$19))))) -> 0 | F92: =SUMPRODUCT((ISNUMBER(SEARCH($Y11,Dienstplan!$B$8:$B$19))*(ISNUMBER(SEARCH($AB$6,Dienstplan!$EY$8:$GB$19))))) -> 0 | G92: =SUMPRODUCT((ISNUMBER(SEARCH($Y11,Dienstplan!$B$8:$B$19))*(ISNUMBER(SEARCH($AB$7,Dienstplan!$EY$8:$GB$19)))))-H92 -> 0 | H92: =SUMPRODUCT((ISNUMBER(SEARCH($Y11,Dienstplan!$B$8:$B$19))*(ISNUMBER(SEARCH($AB$8,Dienstplan!$EY$8:$GB$19))))) -> 0 | I92: =SUMPRODUCT((ISNUMBER(SEARCH($Y11,Dienstplan!$B$8:$B$19))*(ISNUMBER(SEARCH($AB$9,Dienstplan!$EY$8:$GB$19))))) -> 0 | J92: =SUMPRODUCT((ISNUMBER(SEARCH($Y11,Dienstplan!$B$8:$B$19))*(ISNUMBER(SEARCH($AB$10,Dienstplan!$EY$8:$GB$19))))) -> 0 | K92: =SUMPRODUCT((ISNUMBER(SEARCH($Y11,Dienstplan!$B$8:$B$19))*(ISNUMBER(SEARCH($AB$11,Dienstplan!$EY$8:$GB$19)))))-$Q92 -> 1 | L92: =SUMPRODUCT((ISNUMBER(SEARCH($Y11,Dienstplan!$B$8:$B$19))*(ISNUMBER(SEARCH($AB$12,Dienstplan!$EY$8:$GB$19))))) -> 0 | M92: =SUMPRODUCT((ISNUMBER(SEARCH($Y11,Dienstplan!$B$8:$B$19))*(ISNUMBER(SEARCH($AB$13,Dienstplan!$EY$8:$GB$19))))) -> 0 | N92: =SUMPRODUCT((ISNUMBER(SEARCH($Y11,Dienstplan!$B$8:$B$19))*(ISNUMBER(SEARCH($AB$14,Dienstplan!$EY$8:$GB$19))))) -> 0 | O92: =SUMPRODUCT((ISNUMBER(SEARCH($Y11,Dienstplan!$B$8:$B$19))*(ISNUMBER(SEARCH($AB$15,Dienstplan!$EY$8:$GB$19))))) -> 0 | P92: =SUMPRODUCT((ISNUMBER(SEARCH($Y11,Dienstplan!$B$8:$B$19))*(ISNUMBER(SEARCH($AB$16,Dienstplan!$EY$8:$GB$19))))) -> 0 | Q92: =SUMPRODUCT((ISNUMBER(SEARCH($Y11,Dienstplan!$B$8:$B$19))*(ISNUMBER(SEARCH($AB$17,Dienstplan!$EY$8:$GB$19))))) -> 0 | R92: =SUMPRODUCT((ISNUMBER(SEARCH($Y11,Dienstplan!$B$8:$B$19))*(ISNUMBER(SEARCH($AB$18,Dienstplan!$EY$8:$GB$19))))) -> 0 | S92: =SUMPRODUCT((ISNUMBER(SEARCH($Y11,Dienstplan!$B$8:$B$19))*(ISNUMBER(SEARCH($AB$19,Dienstplan!$EY$8:$GB$19))))) -> 0 | T92: =SUM($F$82*$Z11) -> 168 | U92: =SUM($C92*Frueh_1+$D92*Spaet_1+$E92*Nacht_1+$F92*Normal_1+$I92*Sonderd_1-$J92*Put_W+$K92*Put_W+$L92*EH_Kurs+$M92*Koor_taet+$N92*Sekre_1+$O92*Put_W+$R92*Put_W+$P92*Put_W+$Q92*Put_W+G92*Put_W+H92*Put_W) -> 8 | V92: =SUM($U92-$T92) -> -160 | W92: =V92+W76 -> -496
